[2024-06-29 00:36:08] [INFO] Server: Server started on port undefined
[2024-06-29 00:36:08] [INFO] MongoDB: Connected with MongoDB Database Engine
[2024-06-29 00:36:28] [INFO] Server: Server started on port 5000
[2024-06-29 00:36:28] [INFO] MongoDB: Connected with MongoDB Database Engine
[2024-06-29 00:36:55] [INFO] Server: Server started on port 5000
[2024-06-29 00:36:55] [INFO] MongoDB: Connected with MongoDB Database Engine
[2024-06-29 00:37:03] [INFO] Server: Server started on port 5000
[2024-06-29 00:37:03] [INFO] MongoDB: Connected with MongoDB Database Engine
[2024-06-29 00:37:30] [INFO] Server: Server started on port 5000
[2024-06-29 00:37:30] [INFO] MongoDB: Connected with MongoDB Database Engine
[2024-06-29 00:38:00] [INFO] Server: Server started on port 5000
[2024-06-29 00:38:00] [INFO] MongoDB: Connected with MongoDB Database Engine
[2024-06-29 00:38:23] [INFO] Server: Server started on port 5000
[2024-06-29 00:38:23] [INFO] MongoDB: Connected with MongoDB Database Engine
[2024-06-29 00:38:31] [INFO] Server: Server started on port 5000
[2024-06-29 00:38:31] [INFO] MongoDB: Connected with MongoDB Database Engine
[2024-06-29 00:39:52] [INFO] Server: Server started on port 5000
[2024-06-29 00:39:52] [INFO] MongoDB: Connected with MongoDB Database Engine
[2024-06-29 00:40:05] [INFO] Server: Server started on port 5000
[2024-06-29 00:40:05] [INFO] MongoDB: Connected with MongoDB Database Engine
[2024-06-29 00:40:29] [INFO] Server: Server started on port 5000
[2024-06-29 00:40:29] [INFO] MongoDB: Connected with MongoDB Database Engine
[2024-06-29 00:40:36] [INFO] Server: Server started on port 5000
[2024-06-29 00:40:36] [INFO] MongoDB: Connected with MongoDB Database Engine
[2024-06-29 00:42:05] [INFO] Server: Server started on port 5000
[2024-06-29 00:42:05] [INFO] MongoDB: Connected with MongoDB Database Engine
[2024-06-29 00:42:38] [INFO] Server: Server started on port 5000
[2024-06-29 00:42:38] [INFO] MongoDB: Connected with MongoDB Database Engine
[2024-06-29 00:42:59] [INFO] Server: Server started on port 5000
[2024-06-29 00:42:59] [INFO] MongoDB: Connected with MongoDB Database Engine
[2024-06-29 00:44:13] [INFO] Server: Server started on port 5000
[2024-06-29 00:44:13] [INFO] MongoDB: Connected with MongoDB Database Engine
[2024-06-29 00:44:39] [INFO] Server: Server started on port 5000
[2024-06-29 00:44:39] [INFO] MongoDB: Connected with MongoDB Database Engine
[2024-06-29 00:44:47] [INFO] Server: Server started on port 5000
[2024-06-29 00:44:47] [INFO] MongoDB: Connected with MongoDB Database Engine
[2024-06-29 00:45:03] [INFO] Server: Server started on port 5000
[2024-06-29 00:45:03] [INFO] MongoDB: Connected with MongoDB Database Engine
[2024-06-29 00:45:14] [INFO] Server: Server started on port 5000
[2024-06-29 00:45:14] [INFO] MongoDB: Connected with MongoDB Database Engine
[2024-06-29 00:45:20] [INFO] Server: Server started on port 5000
[2024-06-29 00:45:20] [INFO] MongoDB: Connected with MongoDB Database Engine
[2024-06-29 00:45:25] [INFO] Server: Server started on port 5000
[2024-06-29 00:45:25] [INFO] MongoDB: Connected with MongoDB Database Engine
[2024-06-29 00:45:39] [INFO] Server: Server started on port 5000
[2024-06-29 00:45:39] [INFO] MongoDB: Connected with MongoDB Database Engine
[2024-06-29 00:45:43] [INFO] Server: Server started on port 5000
[2024-06-29 00:45:43] [INFO] MongoDB: Connected with MongoDB Database Engine
[2024-06-29 00:47:18] [INFO] Server: Server started on port 5000
[2024-06-29 00:47:18] [INFO] MongoDB: Connected with MongoDB Database Engine
[2024-06-29 00:49:10] [INFO] Server: Server started on port 5000
[2024-06-29 00:49:10] [INFO] MongoDB: Connected with MongoDB Database Engine
[2024-06-29 00:49:17] [INFO] Server: Server started on port 5000
[2024-06-29 00:49:17] [INFO] MongoDB: Connected with MongoDB Database Engine
[2024-06-29 00:49:57] [INFO] Server: Server started on port 5000
[2024-06-29 00:49:57] [INFO] MongoDB: Connected with MongoDB Database Engine
[2024-06-29 00:50:21] [INFO] Server: Server started on port 5000
[2024-06-29 00:50:21] [INFO] MongoDB: Connected with MongoDB Database Engine
[2024-06-29 00:50:32] [INFO] Server: Server started on port 5000
[2024-06-29 00:50:32] [INFO] MongoDB: Connected with MongoDB Database Engine
[2024-06-29 00:50:44] [INFO] Server: Server started on port 5000
[2024-06-29 00:50:44] [INFO] MongoDB: Connected with MongoDB Database Engine
[2024-06-29 00:51:26] [INFO] Server: Server started on port 5000
[2024-06-29 00:51:26] [INFO] MongoDB: Connected with MongoDB Database Engine
[2024-06-29 00:53:52] [INFO] Server: Server started on port 5000
[2024-06-29 00:53:52] [INFO] MongoDB: Connected with MongoDB Database Engine
[2024-06-29 00:55:17] [INFO] Server: Server started on port 5000
[2024-06-29 00:55:17] [INFO] MongoDB: Connected with MongoDB Database Engine
[2024-06-29 00:57:36] [INFO] Server: Server started on port 5000
[2024-06-29 00:57:36] [INFO] MongoDB: Connected with MongoDB Database Engine
[2024-06-29 00:57:44] [INFO] Server: Server started on port 5000
[2024-06-29 00:57:44] [INFO] MongoDB: Connected with MongoDB Database Engine
[2024-06-29 00:57:59] [INFO] Server: Server started on port 5000
[2024-06-29 00:57:59] [INFO] MongoDB: Connected with MongoDB Database Engine
[2024-06-29 00:58:36] [INFO] Server: Server started on port 5000
[2024-06-29 00:58:36] [INFO] MongoDB: Connected with MongoDB Database Engine
[2024-06-29 00:58:51] [INFO] Server: Server started on port 5000
[2024-06-29 00:58:51] [INFO] MongoDB: Connected with MongoDB Database Engine
[2024-06-29 00:59:34] [INFO] Server: Server started on port 5000
[2024-06-29 00:59:34] [INFO] MongoDB: Connected with MongoDB Database Engine
[2024-06-29 00:59:55] [INFO] Server: Server started on port 5000
[2024-06-29 00:59:55] [INFO] MongoDB: Connected with MongoDB Database Engine
[2024-06-29 01:00:04] [INFO] Server: Server started on port 5000
[2024-06-29 01:00:04] [INFO] MongoDB: Connected with MongoDB Database Engine
[2024-06-29 01:00:21] [INFO] Server: Server started on port 5000
[2024-06-29 01:00:21] [INFO] MongoDB: Connected with MongoDB Database Engine
[2024-06-29 01:00:28] [INFO] Server: Server started on port 5000
[2024-06-29 01:00:28] [INFO] MongoDB: Connected with MongoDB Database Engine
[2024-06-29 01:00:45] [INFO] Server: Server started on port 5000
[2024-06-29 01:00:45] [INFO] MongoDB: Connected with MongoDB Database Engine
[2024-06-29 01:01:04] [INFO] Server: Server started on port 5000
[2024-06-29 01:01:04] [INFO] MongoDB: Connected with MongoDB Database Engine
[2024-06-29 01:01:54] [INFO] Server: Server started on port 5000
[2024-06-29 01:01:54] [INFO] MongoDB: Connected with MongoDB Database Engine
[2024-06-29 01:02:04] [INFO] Server: Server started on port 5000
[2024-06-29 01:02:04] [INFO] MongoDB: Connected with MongoDB Database Engine
[2024-06-29 01:02:10] [INFO] Server: Server started on port 5000
[2024-06-29 01:02:10] [INFO] MongoDB: Connected with MongoDB Database Engine
[2024-06-29 01:02:32] [INFO] Server: Server started on port 5000
[2024-06-29 01:02:32] [INFO] MongoDB: Connected with MongoDB Database Engine
[2024-06-29 01:02:54] [INFO] Master worker: Job 1451 completed with result undefined
[2024-06-29 01:03:20] [INFO] Server: Server started on port 5000
[2024-06-29 01:03:20] [INFO] MongoDB: Connected with MongoDB Database Engine
[2024-06-29 01:03:31] [INFO] Master worker: Job 1452 completed with result undefined
[2024-06-29 01:03:54] [INFO] Server: Server started on port 5000
[2024-06-29 01:03:54] [INFO] MongoDB: Connected with MongoDB Database Engine
[2024-06-29 01:04:03] [INFO] Server: Server started on port 5000
[2024-06-29 01:04:03] [INFO] MongoDB: Connected with MongoDB Database Engine
[2024-06-29 01:04:12] [INFO] Server: Server started on port 5000
[2024-06-29 01:04:12] [INFO] MongoDB: Connected with MongoDB Database Engine
[2024-06-29 01:04:37] [INFO] Server: Server started on port 5000
[2024-06-29 01:04:37] [INFO] MongoDB: Connected with MongoDB Database Engine
[2024-06-29 01:04:39] [INFO] Master worker: Job 1453 completed with result undefined
[2024-06-29 01:05:02] [INFO] Server: Server started on port 5000
[2024-06-29 01:05:02] [INFO] MongoDB: Connected with MongoDB Database Engine
[2024-06-29 01:05:04] [INFO] Master worker: Job 1454 completed with result undefined
[2024-06-29 01:05:31] [INFO] Server: Server started on port 5000
[2024-06-29 01:05:31] [INFO] MongoDB: Connected with MongoDB Database Engine
[2024-06-29 01:05:32] [INFO] Master worker: Job 1455 completed with result undefined
[2024-06-29 01:05:55] [INFO] Server: Server started on port 5000
[2024-06-29 01:05:55] [INFO] MongoDB: Connected with MongoDB Database Engine
[2024-06-29 01:07:32] [INFO] Server: Server started on port 5000
[2024-06-29 01:07:32] [INFO] MongoDB: Connected with MongoDB Database Engine
[2024-06-29 01:08:05] [INFO] Server: Server started on port 5000
[2024-06-29 01:08:05] [INFO] MongoDB: Connected with MongoDB Database Engine
[2024-06-29 01:08:18] [INFO] Server: Server started on port 5000
[2024-06-29 01:08:18] [INFO] MongoDB: Connected with MongoDB Database Engine
[2024-06-29 01:08:26] [INFO] Master worker: Job 1456 completed with result undefined
[2024-06-29 01:08:46] [INFO] Master worker: Job 1457 completed with result undefined
[2024-06-29 01:09:15] [INFO] Server: Server started on port 5000
[2024-06-29 01:09:15] [INFO] MongoDB: Connected with MongoDB Database Engine
[2024-06-29 01:10:12] [INFO] Server: Server started on port 5000
[2024-06-29 01:10:12] [INFO] MongoDB: Connected with MongoDB Database Engine
[2024-06-29 01:10:24] [INFO] Server: Server started on port 5000
[2024-06-29 01:10:24] [INFO] MongoDB: Connected with MongoDB Database Engine
[2024-06-29 01:10:31] [INFO] Server: Server started on port 5000
[2024-06-29 01:10:31] [INFO] MongoDB: Connected with MongoDB Database Engine
[2024-06-29 01:10:45] [INFO] Server: Server started on port 5000
[2024-06-29 01:10:45] [INFO] MongoDB: Connected with MongoDB Database Engine
[2024-06-29 01:10:56] [INFO] Server: Server started on port 5000
[2024-06-29 01:10:56] [INFO] MongoDB: Connected with MongoDB Database Engine
[2024-06-29 01:11:05] [INFO] Server: Server started on port 5000
[2024-06-29 01:11:05] [INFO] MongoDB: Connected with MongoDB Database Engine
[2024-06-29 01:11:16] [INFO] Server: Server started on port 5000
[2024-06-29 01:11:16] [INFO] MongoDB: Connected with MongoDB Database Engine
[2024-06-29 01:11:39] [INFO] Server: Server started on port 5000
[2024-06-29 01:11:39] [INFO] MongoDB: Connected with MongoDB Database Engine
[2024-06-29 01:11:48] [INFO] Server: Server started on port 5000
[2024-06-29 01:11:48] [INFO] MongoDB: Connected with MongoDB Database Engine
[2024-06-29 01:11:53] [INFO] Server: Server started on port 5000
[2024-06-29 01:11:53] [INFO] MongoDB: Connected with MongoDB Database Engine
[2024-06-29 01:12:00] [INFO] Server: Server started on port 5000
[2024-06-29 01:12:00] [INFO] MongoDB: Connected with MongoDB Database Engine
[2024-06-29 01:12:13] [INFO] Server: Server started on port 5000
[2024-06-29 01:12:13] [INFO] MongoDB: Connected with MongoDB Database Engine
[2024-06-29 01:12:18] [INFO] Server: Server started on port 5000
[2024-06-29 01:12:18] [INFO] MongoDB: Connected with MongoDB Database Engine
[2024-06-29 01:12:46] [INFO] Server: Server started on port 5000
[2024-06-29 01:12:46] [INFO] MongoDB: Connected with MongoDB Database Engine
[2024-06-29 01:13:26] [INFO] Server: Server started on port 5000
[2024-06-29 01:13:26] [INFO] MongoDB: Connected with MongoDB Database Engine
[2024-06-29 01:13:31] [INFO] Server: Server started on port 5000
[2024-06-29 01:13:31] [INFO] MongoDB: Connected with MongoDB Database Engine
[2024-06-29 01:13:41] [INFO] Server: Server started on port 5000
[2024-06-29 01:13:41] [INFO] MongoDB: Connected with MongoDB Database Engine
[2024-06-29 01:14:27] [INFO] Server: Server started on port 5000
[2024-06-29 01:14:27] [INFO] MongoDB: Connected with MongoDB Database Engine
[2024-06-29 01:14:31] [INFO] Server: Server started on port 5000
[2024-06-29 01:14:31] [INFO] MongoDB: Connected with MongoDB Database Engine
[2024-06-29 01:14:46] [INFO] Server: Server started on port 5000
[2024-06-29 01:14:46] [INFO] MongoDB: Connected with MongoDB Database Engine
[2024-06-29 01:14:55] [INFO] Server: Server started on port 5000
[2024-06-29 01:14:55] [INFO] MongoDB: Connected with MongoDB Database Engine
[2024-06-29 01:15:02] [INFO] Server: Server started on port 5000
[2024-06-29 01:15:02] [INFO] MongoDB: Connected with MongoDB Database Engine
[2024-06-29 01:15:33] [INFO] Server: Server started on port 5000
[2024-06-29 01:15:33] [INFO] MongoDB: Connected with MongoDB Database Engine
[2024-06-29 01:16:23] [INFO] Server: Server started on port 5000
[2024-06-29 01:16:23] [INFO] MongoDB: Connected with MongoDB Database Engine
[2024-06-29 01:17:18] [INFO] Server: Server started on port 5000
[2024-06-29 01:17:18] [INFO] MongoDB: Connected with MongoDB Database Engine
[2024-06-29 01:17:24] [INFO] Server: Server started on port 5000
[2024-06-29 01:17:24] [INFO] MongoDB: Connected with MongoDB Database Engine
[2024-06-29 01:17:40] [INFO] Server: Server started on port 5000
[2024-06-29 01:17:40] [INFO] MongoDB: Connected with MongoDB Database Engine
[2024-06-29 01:19:41] [INFO] Server: Server started on port 5000
[2024-06-29 01:19:41] [INFO] MongoDB: Connected with MongoDB Database Engine
[2024-06-29 01:20:07] [INFO] Server: Server started on port 5000
[2024-06-29 01:20:07] [INFO] MongoDB: Connected with MongoDB Database Engine
[2024-06-29 01:20:33] [INFO] Server: Server started on port 5000
[2024-06-29 01:20:33] [INFO] MongoDB: Connected with MongoDB Database Engine
[2024-06-29 01:21:43] [INFO] Server: Server started on port 5000
[2024-06-29 01:21:43] [INFO] MongoDB: Connected with MongoDB Database Engine
[2024-06-29 01:23:14] [INFO] Server: Server started on port 5000
[2024-06-29 01:23:14] [INFO] MongoDB: Connected with MongoDB Database Engine
[2024-06-29 01:23:14] [INFO] Redis: Connected with Redis Database Engine
[2024-06-29 01:57:20] [INFO] Server: Server started on port 5000
[2024-06-29 01:57:20] [INFO] MongoDB: Connected with MongoDB Database Engine
[2024-06-29 01:57:20] [INFO] Redis: Connected with Redis Database Engine
[2024-06-29 01:57:44] [INFO] Server: Server started on port 5000
[2024-06-29 01:57:44] [INFO] MongoDB: Connected with MongoDB Database Engine
[2024-06-29 01:57:45] [INFO] Redis: Connected with Redis Database Engine
[2024-06-29 01:58:00] [INFO] Server: Server started on port 5000
[2024-06-29 01:58:00] [INFO] MongoDB: Connected with MongoDB Database Engine
[2024-06-29 01:58:00] [INFO] Redis: Connected with Redis Database Engine
[2024-06-29 01:58:11] [INFO] Server: Server started on port 5000
[2024-06-29 01:58:11] [INFO] MongoDB: Connected with MongoDB Database Engine
[2024-06-29 01:58:11] [INFO] Redis: Connected with Redis Database Engine
[2024-06-29 02:00:51] [INFO] Server: Server started on port 5000
[2024-06-29 02:00:51] [INFO] MongoDB: Connected with MongoDB Database Engine
[2024-06-29 02:00:51] [INFO] Redis: Connected with Redis Database Engine
[2024-06-29 02:01:48] [INFO] Server: Server started on port 5000
[2024-06-29 02:01:48] [INFO] MongoDB: Connected with MongoDB Database Engine
[2024-06-29 02:01:48] [INFO] Redis: Connected with Redis Database Engine
[2024-06-29 02:02:07] [INFO] Server: Server started on port 5000
[2024-06-29 02:02:07] [INFO] MongoDB: Connected with MongoDB Database Engine
[2024-06-29 02:02:07] [INFO] Redis: Connected with Redis Database Engine
[2024-06-29 02:02:33] [INFO] Server: Server started on port 5000
[2024-06-29 02:02:33] [INFO] MongoDB: Connected with MongoDB Database Engine
[2024-06-29 02:02:33] [INFO] Redis: Connected with Redis Database Engine
[2024-06-29 02:02:42] [INFO] Server: Server started on port 5000
[2024-06-29 02:02:42] [INFO] MongoDB: Connected with MongoDB Database Engine
[2024-06-29 02:02:42] [INFO] Redis: Connected with Redis Database Engine
[2024-06-29 02:02:48] [INFO] Server: Server started on port 5000
[2024-06-29 02:02:48] [INFO] MongoDB: Connected with MongoDB Database Engine
[2024-06-29 02:02:48] [INFO] Redis: Connected with Redis Database Engine
[2024-06-29 02:03:01] [INFO] Server: Server started on port 5000
[2024-06-29 02:03:01] [INFO] MongoDB: Connected with MongoDB Database Engine
[2024-06-29 02:03:01] [INFO] Redis: Connected with Redis Database Engine
[2024-06-29 02:03:06] [INFO] Server: Server started on port 5000
[2024-06-29 02:03:06] [INFO] MongoDB: Connected with MongoDB Database Engine
[2024-06-29 02:03:06] [INFO] Redis: Connected with Redis Database Engine
[2024-06-29 02:03:12] [INFO] Server: Server started on port 5000
[2024-06-29 02:03:12] [INFO] MongoDB: Connected with MongoDB Database Engine
[2024-06-29 02:03:12] [INFO] Redis: Connected with Redis Database Engine
[2024-06-29 02:03:18] [INFO] Server: Server started on port 5000
[2024-06-29 02:03:18] [INFO] MongoDB: Connected with MongoDB Database Engine
[2024-06-29 02:03:18] [INFO] Redis: Connected with Redis Database Engine
[2024-06-29 02:03:28] [INFO] Server: Server started on port 5000
[2024-06-29 02:03:28] [INFO] MongoDB: Connected with MongoDB Database Engine
[2024-06-29 02:03:28] [INFO] Redis: Connected with Redis Database Engine
[2024-06-29 02:03:39] [INFO] Server: Server started on port 5000
[2024-06-29 02:03:39] [INFO] MongoDB: Connected with MongoDB Database Engine
[2024-06-29 02:03:39] [INFO] Redis: Connected with Redis Database Engine
[2024-06-29 02:04:01] [INFO] Server: Server started on port 5000
[2024-06-29 02:04:01] [INFO] MongoDB: Connected with MongoDB Database Engine
[2024-06-29 02:04:01] [INFO] Redis: Connected with Redis Database Engine
[2024-06-29 02:04:31] [INFO] Server: Server started on port 5000
[2024-06-29 02:04:31] [INFO] MongoDB: Connected with MongoDB Database Engine
[2024-06-29 02:04:31] [INFO] Redis: Connected with Redis Database Engine
[2024-06-29 02:07:14] [INFO] Server: Server started on port 5000
[2024-06-29 02:07:14] [INFO] MongoDB: Connected with MongoDB Database Engine
[2024-06-29 02:07:14] [INFO] Redis: Connected with Redis Database Engine
[2024-06-29 02:07:26] [INFO] Server: Server started on port 5000
[2024-06-29 02:07:26] [INFO] MongoDB: Connected with MongoDB Database Engine
[2024-06-29 02:07:26] [INFO] Redis: Connected with Redis Database Engine
[2024-06-29 02:07:52] [INFO] Server: Server started on port 5000
[2024-06-29 02:07:52] [INFO] MongoDB: Connected with MongoDB Database Engine
[2024-06-29 02:07:52] [INFO] Redis: Connected with Redis Database Engine
[2024-06-29 02:08:29] [INFO] Server: Server started on port 5000
[2024-06-29 02:08:29] [INFO] MongoDB: Connected with MongoDB Database Engine
[2024-06-29 02:08:29] [INFO] Redis: Connected with Redis Database Engine
[2024-06-29 02:10:16] [INFO] Server: Server started on port 5000
[2024-06-29 02:10:16] [INFO] MongoDB: Connected with MongoDB Database Engine
[2024-06-29 02:10:16] [INFO] Redis: Connected with Redis Database Engine
[2024-06-29 02:13:49] [INFO] Server: Server started on port 5000
[2024-06-29 02:13:49] [INFO] MongoDB: Connected with MongoDB Database Engine
[2024-06-29 02:13:49] [INFO] Redis: Connected with Redis Database Engine
[2024-06-29 02:14:16] [INFO] Server: Server started on port 5000
[2024-06-29 02:14:16] [INFO] MongoDB: Connected with MongoDB Database Engine
[2024-06-29 02:14:16] [INFO] Redis: Connected with Redis Database Engine
[2024-06-29 02:14:34] [INFO] Master worker: Job 1458 completed with result undefined
[2024-06-29 02:18:03] [INFO] Server: Server started on port 5000
[2024-06-29 02:18:03] [INFO] MongoDB: Connected with MongoDB Database Engine
[2024-06-29 02:18:03] [INFO] Redis: Connected with Redis Database Engine
[2024-06-29 02:18:09] [INFO] Server: Server started on port 5000
[2024-06-29 02:18:09] [INFO] MongoDB: Connected with MongoDB Database Engine
[2024-06-29 02:18:09] [INFO] Redis: Connected with Redis Database Engine
[2024-06-29 02:18:36] [INFO] Server: Server started on port 5000
[2024-06-29 02:18:36] [INFO] MongoDB: Connected with MongoDB Database Engine
[2024-06-29 02:18:36] [INFO] Redis: Connected with Redis Database Engine
[2024-06-29 02:19:11] [INFO] Server: Server started on port 5000
[2024-06-29 02:19:11] [INFO] MongoDB: Connected with MongoDB Database Engine
[2024-06-29 02:19:11] [INFO] Redis: Connected with Redis Database Engine
[2024-06-29 02:19:15] [ERROR] Item: Error on fetching item MissingSchemaError: Schema hasn't been registered for model "item".
Use mongoose.model(name, schema)
[2024-06-29 02:19:35] [INFO] Server: Server started on port 5000
[2024-06-29 02:19:35] [INFO] MongoDB: Connected with MongoDB Database Engine
[2024-06-29 02:19:35] [INFO] Redis: Connected with Redis Database Engine
[2024-06-29 02:21:18] [INFO] Server: Server started on port 5000
[2024-06-29 02:21:18] [INFO] MongoDB: Connected with MongoDB Database Engine
[2024-06-29 02:21:18] [INFO] Redis: Connected with Redis Database Engine
[2024-06-29 02:22:41] [INFO] Server: Server started on port 5000
[2024-06-29 02:22:41] [INFO] MongoDB: Connected with MongoDB Database Engine
[2024-06-29 02:22:41] [INFO] Redis: Connected with Redis Database Engine
[2024-06-29 02:23:17] [INFO] Server: Server started on port 5000
[2024-06-29 02:23:17] [INFO] MongoDB: Connected with MongoDB Database Engine
[2024-06-29 02:23:17] [INFO] Redis: Connected with Redis Database Engine
[2024-06-29 02:26:06] [INFO] Server: Server started on port 5000
[2024-06-29 02:26:06] [INFO] MongoDB: Connected with MongoDB Database Engine
[2024-06-29 02:26:06] [INFO] Redis: Connected with Redis Database Engine
[2024-06-29 02:27:54] [INFO] Server: Server started on port 5000
[2024-06-29 02:27:54] [INFO] MongoDB: Connected with MongoDB Database Engine
[2024-06-29 02:27:54] [INFO] Redis: Connected with Redis Database Engine
[2024-06-29 02:28:30] [INFO] Server: Server started on port 5000
[2024-06-29 02:28:30] [INFO] MongoDB: Connected with MongoDB Database Engine
[2024-06-29 02:28:30] [INFO] Redis: Connected with Redis Database Engine
[2024-06-29 02:28:39] [INFO] Master worker: Job 1459 completed with result undefined
[2024-06-29 02:29:29] [INFO] Master worker: Job 1460 completed with result undefined
[2024-06-29 02:29:41] [INFO] Master worker: Job 1461 completed with result undefined
[2024-06-29 02:30:09] [INFO] Server: Server started on port 5000
[2024-06-29 02:30:09] [INFO] MongoDB: Connected with MongoDB Database Engine
[2024-06-29 02:30:09] [INFO] Redis: Connected with Redis Database Engine
[2024-06-29 02:33:05] [INFO] Master worker: Job 1462 completed with result undefined
[2024-06-29 02:39:13] [INFO] Server: Server started on port 5000
[2024-06-29 02:39:13] [INFO] MongoDB: Connected with MongoDB Database Engine
[2024-06-29 02:39:13] [INFO] Redis: Connected with Redis Database Engine
[2024-06-29 02:40:03] [INFO] Server: Server started on port 5000
[2024-06-29 02:40:03] [INFO] MongoDB: Connected with MongoDB Database Engine
[2024-06-29 02:40:03] [INFO] Redis: Connected with Redis Database Engine
[2024-06-29 02:40:17] [INFO] Server: Server started on port 5000
[2024-06-29 02:40:17] [INFO] MongoDB: Connected with MongoDB Database Engine
[2024-06-29 02:40:17] [INFO] Redis: Connected with Redis Database Engine
[2024-06-29 02:40:29] [INFO] Server: Server started on port 5000
[2024-06-29 02:40:29] [INFO] MongoDB: Connected with MongoDB Database Engine
[2024-06-29 02:40:29] [INFO] Redis: Connected with Redis Database Engine
[2024-06-29 02:41:05] [INFO] Server: Server started on port 5000
[2024-06-29 02:41:05] [INFO] MongoDB: Connected with MongoDB Database Engine
[2024-06-29 02:41:06] [INFO] Redis: Connected with Redis Database Engine
[2024-06-29 02:41:34] [INFO] Server: Server started on port 5000
[2024-06-29 02:41:34] [INFO] MongoDB: Connected with MongoDB Database Engine
[2024-06-29 02:41:34] [INFO] Redis: Connected with Redis Database Engine
[2024-06-29 02:41:48] [INFO] Server: Server started on port 5000
[2024-06-29 02:41:48] [INFO] MongoDB: Connected with MongoDB Database Engine
[2024-06-29 02:41:48] [INFO] Redis: Connected with Redis Database Engine
[2024-06-29 02:42:47] [INFO] Master worker: Job 1463 completed with result undefined
[2024-06-29 02:43:51] [INFO] Server: Server started on port 5000
[2024-06-29 02:43:51] [INFO] MongoDB: Connected with MongoDB Database Engine
[2024-06-29 02:43:51] [INFO] Redis: Connected with Redis Database Engine
[2024-06-29 02:44:16] [INFO] Master worker: Job 1464 completed with result undefined
[2024-06-29 02:44:37] [INFO] Server: Server started on port 5000
[2024-06-29 02:44:37] [INFO] MongoDB: Connected with MongoDB Database Engine
[2024-06-29 02:44:37] [INFO] Redis: Connected with Redis Database Engine
[2024-06-29 02:45:32] [INFO] Server: Server started on port 5000
[2024-06-29 02:45:32] [INFO] MongoDB: Connected with MongoDB Database Engine
[2024-06-29 02:45:32] [INFO] Redis: Connected with Redis Database Engine
[2024-06-29 02:45:55] [INFO] Master worker: Job 1465 completed with result undefined
[2024-06-29 02:46:31] [INFO] Server: Server started on port 5000
[2024-06-29 02:46:31] [INFO] MongoDB: Connected with MongoDB Database Engine
[2024-06-29 02:46:31] [INFO] Redis: Connected with Redis Database Engine
[2024-06-29 02:46:50] [INFO] Master worker: Job 1466 completed with result undefined
[2024-06-29 02:47:11] [INFO] Master worker: Job 1467 completed with result undefined
[2024-06-29 02:47:30] [INFO] Server: Server started on port 5000
[2024-06-29 02:47:30] [INFO] MongoDB: Connected with MongoDB Database Engine
[2024-06-29 02:47:30] [INFO] Redis: Connected with Redis Database Engine
[2024-06-29 02:49:14] [INFO] Master worker: Job 1468 completed with result undefined
[2024-06-29 02:49:39] [INFO] Server: Server started on port 5000
[2024-06-29 02:49:39] [INFO] MongoDB: Connected with MongoDB Database Engine
[2024-06-29 02:49:39] [INFO] Redis: Connected with Redis Database Engine
[2024-06-29 02:50:19] [INFO] Server: Server started on port 5000
[2024-06-29 02:50:19] [INFO] MongoDB: Connected with MongoDB Database Engine
[2024-06-29 02:50:19] [INFO] Redis: Connected with Redis Database Engine
[2024-06-29 02:51:36] [INFO] Server: Server started on port 5000
[2024-06-29 02:51:36] [INFO] MongoDB: Connected with MongoDB Database Engine
[2024-06-29 02:51:36] [INFO] Redis: Connected with Redis Database Engine
[2024-06-29 02:51:48] [INFO] Server: Server started on port 5000
[2024-06-29 02:51:48] [INFO] MongoDB: Connected with MongoDB Database Engine
[2024-06-29 02:51:48] [INFO] Redis: Connected with Redis Database Engine
[2024-06-29 02:52:35] [INFO] Server: Server started on port 5000
[2024-06-29 02:52:35] [INFO] MongoDB: Connected with MongoDB Database Engine
[2024-06-29 02:52:35] [INFO] Redis: Connected with Redis Database Engine
[2024-06-29 02:53:04] [INFO] Server: Server started on port 5000
[2024-06-29 02:53:04] [INFO] MongoDB: Connected with MongoDB Database Engine
[2024-06-29 02:53:04] [INFO] Redis: Connected with Redis Database Engine
[2024-06-29 02:53:39] [INFO] Server: Server started on port 5000
[2024-06-29 02:53:39] [INFO] MongoDB: Connected with MongoDB Database Engine
[2024-06-29 02:53:39] [INFO] Redis: Connected with Redis Database Engine
[2024-06-29 02:53:46] [INFO] Master worker: Job 1474 completed with result undefined
[2024-06-29 02:53:48] [INFO] Worker: Product TEST_WORKER_10 created
[2024-06-29 02:54:08] [INFO] Master worker: Job 1472 completed with result undefined
[2024-06-29 02:54:12] [INFO] Worker: Product 2342342342352342 created
[2024-06-29 02:54:53] [INFO] Server: Server started on port 5000
[2024-06-29 02:54:53] [INFO] MongoDB: Connected with MongoDB Database Engine
[2024-06-29 02:54:53] [INFO] Redis: Connected with Redis Database Engine
[2024-06-29 02:55:03] [INFO] Server: Server started on port 5000
[2024-06-29 02:55:03] [INFO] MongoDB: Connected with MongoDB Database Engine
[2024-06-29 02:55:03] [INFO] Redis: Connected with Redis Database Engine
[2024-06-29 02:55:49] [INFO] Server: Server started on port 5000
[2024-06-29 02:55:49] [INFO] MongoDB: Connected with MongoDB Database Engine
[2024-06-29 02:55:49] [INFO] Redis: Connected with Redis Database Engine
[2024-06-29 02:55:58] [INFO] Master worker: Job 1475 completed with result undefined
[2024-06-29 02:55:58] [INFO] Worker: Product TEST_WORKER_11 created
[2024-06-29 02:57:02] [INFO] Server: Server started on port 5000
[2024-06-29 02:57:02] [INFO] MongoDB: Connected with MongoDB Database Engine
[2024-06-29 02:57:02] [INFO] Redis: Connected with Redis Database Engine
[2024-06-29 02:57:09] [INFO] Master worker: Job 1476 completed with result undefined
[2024-06-29 02:57:09] [INFO] Worker: Product TEST_WORKER_12 created
[2024-06-29 02:57:53] [INFO] Server: Server started on port 5000
[2024-06-29 02:57:53] [INFO] MongoDB: Connected with MongoDB Database Engine
[2024-06-29 02:57:53] [INFO] Redis: Connected with Redis Database Engine
[2024-06-29 02:58:17] [INFO] Server: Server started on port 5000
[2024-06-29 02:58:17] [INFO] MongoDB: Connected with MongoDB Database Engine
[2024-06-29 02:58:17] [INFO] Redis: Connected with Redis Database Engine
[2024-06-29 02:58:42] [INFO] Server: Server started on port 5000
[2024-06-29 02:58:42] [INFO] MongoDB: Connected with MongoDB Database Engine
[2024-06-29 02:58:42] [INFO] Redis: Connected with Redis Database Engine
[2024-06-29 02:59:20] [INFO] Server: Server started on port 5000
[2024-06-29 02:59:20] [INFO] MongoDB: Connected with MongoDB Database Engine
[2024-06-29 02:59:20] [INFO] Redis: Connected with Redis Database Engine
[2024-06-29 02:59:30] [INFO] Server: Server started on port 5000
[2024-06-29 02:59:30] [INFO] MongoDB: Connected with MongoDB Database Engine
[2024-06-29 02:59:30] [INFO] Redis: Connected with Redis Database Engine
[2024-06-29 02:59:51] [INFO] Master worker: Job 1477 completed with result undefined
[2024-06-29 02:59:52] [INFO] Worker: Product test_worker_13 created
[2024-06-29 03:00:37] [INFO] Server: Server started on port 5000
[2024-06-29 03:00:37] [INFO] MongoDB: Connected with MongoDB Database Engine
[2024-06-29 03:00:37] [INFO] Redis: Connected with Redis Database Engine
[2024-06-29 03:01:01] [INFO] Server: Server started on port 5000
[2024-06-29 03:01:01] [INFO] MongoDB: Connected with MongoDB Database Engine
[2024-06-29 03:01:01] [INFO] Redis: Connected with Redis Database Engine
[2024-06-29 03:01:27] [INFO] Server: Server started on port 5000
[2024-06-29 03:01:27] [INFO] MongoDB: Connected with MongoDB Database Engine
[2024-06-29 03:01:36] [INFO] Server: Server started on port 5000
[2024-06-29 03:01:36] [INFO] MongoDB: Connected with MongoDB Database Engine
[2024-06-29 03:01:36] [INFO] Redis: Connected with Redis Database Engine
[2024-06-29 03:01:41] [INFO] Server: Server started on port 5000
[2024-06-29 03:01:41] [INFO] MongoDB: Connected with MongoDB Database Engine
[2024-06-29 03:01:41] [INFO] Redis: Connected with Redis Database Engine
[2024-06-29 03:02:05] [INFO] Server: Server started on port 5000
[2024-06-29 03:02:05] [INFO] MongoDB: Connected with MongoDB Database Engine
[2024-06-29 03:02:05] [INFO] Redis: Connected with Redis Database Engine
[2024-06-29 03:02:56] [INFO] Server: Server started on port 5000
[2024-06-29 03:02:56] [INFO] MongoDB: Connected with MongoDB Database Engine
[2024-06-29 03:02:56] [INFO] Redis: Connected with Redis Database Engine
[2024-06-29 03:03:25] [INFO] Master worker: Job 1478 completed with result undefined
[2024-06-29 03:03:25] [INFO] Worker: Product TEST_WORKER_14 created
[2024-06-29 03:04:35] [INFO] Server: Server started on port 5000
[2024-06-29 03:04:35] [INFO] MongoDB: Connected with MongoDB Database Engine
[2024-06-29 03:04:36] [INFO] Redis: Connected with Redis Database Engine
[2024-06-29 03:04:55] [INFO] Master worker: Job 1479 completed with result undefined
[2024-06-29 03:04:55] [INFO] Worker: Product TEST_WORKER_15 created
[2024-06-29 03:05:59] [INFO] Server: Server started on port 5000
[2024-06-29 03:05:59] [INFO] MongoDB: Connected with MongoDB Database Engine
[2024-06-29 03:05:59] [INFO] Redis: Connected with Redis Database Engine
[2024-06-29 03:06:20] [INFO] Server: Server started on port 5000
[2024-06-29 03:06:20] [INFO] MongoDB: Connected with MongoDB Database Engine
[2024-06-29 03:06:20] [INFO] Redis: Connected with Redis Database Engine
[2024-06-29 03:06:41] [INFO] Server: Server started on port 5000
[2024-06-29 03:06:41] [INFO] MongoDB: Connected with MongoDB Database Engine
[2024-06-29 03:06:41] [INFO] Redis: Connected with Redis Database Engine
[2024-06-29 03:06:48] [INFO] Server: Server started on port 5000
[2024-06-29 03:06:48] [INFO] MongoDB: Connected with MongoDB Database Engine
[2024-06-29 03:06:48] [INFO] Redis: Connected with Redis Database Engine
[2024-06-29 03:07:03] [INFO] Server: Server started on port 5000
[2024-06-29 03:07:03] [INFO] MongoDB: Connected with MongoDB Database Engine
[2024-06-29 03:07:03] [INFO] Redis: Connected with Redis Database Engine
[2024-06-29 03:07:12] [INFO] Server: Server started on port 5000
[2024-06-29 03:07:12] [INFO] MongoDB: Connected with MongoDB Database Engine
[2024-06-29 03:07:12] [INFO] Redis: Connected with Redis Database Engine
[2024-06-29 03:08:15] [INFO] Server: Server started on port 5000
[2024-06-29 03:08:15] [INFO] MongoDB: Connected with MongoDB Database Engine
[2024-06-29 03:08:15] [INFO] Redis: Connected with Redis Database Engine
[2024-06-29 03:08:40] [INFO] Server: Server started on port 5000
[2024-06-29 03:08:40] [INFO] MongoDB: Connected with MongoDB Database Engine
[2024-06-29 03:08:40] [INFO] Redis: Connected with Redis Database Engine
[2024-06-29 03:09:15] [INFO] Server: Server started on port 5000
[2024-06-29 03:09:15] [INFO] MongoDB: Connected with MongoDB Database Engine
[2024-06-29 03:09:15] [INFO] Redis: Connected with Redis Database Engine
[2024-06-29 03:10:35] [INFO] Server: Server started on port 5000
[2024-06-29 03:10:35] [INFO] MongoDB: Connected with MongoDB Database Engine
[2024-06-29 03:10:35] [INFO] Redis: Connected with Redis Database Engine
[2024-06-29 03:10:45] [INFO] Server: Server started on port 5000
[2024-06-29 03:10:45] [INFO] MongoDB: Connected with MongoDB Database Engine
[2024-06-29 03:10:45] [INFO] Redis: Connected with Redis Database Engine
[2024-06-29 03:11:37] [INFO] Master worker: Job 1480 completed with result undefined
[2024-06-29 03:11:37] [INFO] Master worker: Job 1481 completed with result undefined
[2024-06-29 03:11:37] [INFO] Worker: Product TEST_WORKER_17 created
[2024-06-29 03:13:49] [INFO] Server: Server started on port 5000
[2024-06-29 03:13:49] [INFO] MongoDB: Connected with MongoDB Database Engine
[2024-06-29 03:13:49] [INFO] Redis: Connected with Redis Database Engine
[2024-06-29 03:14:55] [INFO] Server: Server started on port 5000
[2024-06-29 03:14:55] [INFO] MongoDB: Connected with MongoDB Database Engine
[2024-06-29 03:14:55] [INFO] Redis: Connected with Redis Database Engine
[2024-06-29 03:16:44] [INFO] Server: Server started on port 5000
[2024-06-29 03:16:44] [INFO] MongoDB: Connected with MongoDB Database Engine
[2024-06-29 03:16:44] [INFO] Redis: Connected with Redis Database Engine
[2024-06-29 03:17:03] [INFO] Server: Server started on port 5000
[2024-06-29 03:17:03] [INFO] MongoDB: Connected with MongoDB Database Engine
[2024-06-29 03:17:04] [INFO] Redis: Connected with Redis Database Engine
[2024-06-29 03:17:43] [INFO] Server: Server started on port 5000
[2024-06-29 03:17:43] [INFO] MongoDB: Connected with MongoDB Database Engine
[2024-06-29 03:17:43] [INFO] Redis: Connected with Redis Database Engine
[2024-06-29 03:18:02] [INFO] Server: Server started on port 5000
[2024-06-29 03:18:02] [INFO] MongoDB: Connected with MongoDB Database Engine
[2024-06-29 03:18:02] [INFO] Redis: Connected with Redis Database Engine
[2024-06-29 03:18:14] [INFO] Server: Server started on port 5000
[2024-06-29 03:18:14] [INFO] MongoDB: Connected with MongoDB Database Engine
[2024-06-29 03:18:14] [INFO] Redis: Connected with Redis Database Engine
[2024-06-29 03:19:21] [INFO] Server: Server started on port 5000
[2024-06-29 03:19:21] [INFO] MongoDB: Connected with MongoDB Database Engine
[2024-06-29 03:19:21] [INFO] Redis: Connected with Redis Database Engine
[2024-06-29 03:20:49] [INFO] Server: Server started on port 5000
[2024-06-29 03:20:49] [INFO] MongoDB: Connected with MongoDB Database Engine
[2024-06-29 03:20:49] [INFO] Redis: Connected with Redis Database Engine
[2024-06-29 03:24:31] [INFO] Server: Server started on port 5000
[2024-06-29 03:24:31] [INFO] MongoDB: Connected with MongoDB Database Engine
[2024-06-29 03:24:31] [INFO] Redis: Connected with Redis Database Engine
[2024-06-29 03:24:41] [INFO] Server: Server started on port 5000
[2024-06-29 03:24:41] [INFO] MongoDB: Connected with MongoDB Database Engine
[2024-06-29 03:24:41] [INFO] Redis: Connected with Redis Database Engine
[2024-06-29 03:27:20] [INFO] Server: Server started on port 5000
[2024-06-29 03:27:20] [INFO] MongoDB: Connected with MongoDB Database Engine
[2024-06-29 03:27:20] [INFO] Redis: Connected with Redis Database Engine
[2024-06-29 03:29:43] [INFO] Server: Server started on port 5000
[2024-06-29 03:29:43] [INFO] MongoDB: Connected with MongoDB Database Engine
[2024-06-29 03:29:43] [INFO] Redis: Connected with Redis Database Engine
[2024-06-29 03:30:10] [INFO] Server: Server started on port 5000
[2024-06-29 03:30:10] [INFO] MongoDB: Connected with MongoDB Database Engine
[2024-06-29 03:30:10] [INFO] Redis: Connected with Redis Database Engine
[2024-06-29 03:30:34] [INFO] Server: Server started on port 5000
[2024-06-29 03:30:34] [INFO] MongoDB: Connected with MongoDB Database Engine
[2024-06-29 03:30:34] [INFO] Redis: Connected with Redis Database Engine
[2024-06-29 03:33:54] [INFO] Server: Server started on port 5000
[2024-06-29 03:33:54] [INFO] MongoDB: Connected with MongoDB Database Engine
[2024-06-29 03:33:54] [INFO] Redis: Connected with Redis Database Engine
[2024-06-29 03:37:52] [INFO] Server: Server started on port 5000
[2024-06-29 03:37:52] [INFO] MongoDB: Connected with MongoDB Database Engine
[2024-06-29 03:37:52] [INFO] Redis: Connected with Redis Database Engine
[2024-06-29 03:38:54] [INFO] Server: Server started on port 5000
[2024-06-29 03:38:54] [INFO] MongoDB: Connected with MongoDB Database Engine
[2024-06-29 03:38:54] [INFO] Redis: Connected with Redis Database Engine
[2024-06-29 03:41:34] [INFO] Server: Server started on port 5000
[2024-06-29 03:41:34] [INFO] MongoDB: Connected with MongoDB Database Engine
[2024-06-29 03:41:34] [INFO] Redis: Connected with Redis Database Engine
[2024-06-29 03:42:37] [INFO] Server: Server started on port 5000
[2024-06-29 03:42:37] [INFO] MongoDB: Connected with MongoDB Database Engine
[2024-06-29 03:42:37] [INFO] Redis: Connected with Redis Database Engine
[2024-06-29 03:43:09] [INFO] Server: Server started on port 5000
[2024-06-29 03:43:09] [INFO] MongoDB: Connected with MongoDB Database Engine
[2024-06-29 03:43:09] [INFO] Redis: Connected with Redis Database Engine
[2024-06-29 03:43:29] [INFO] Server: Server started on port 5000
[2024-06-29 03:43:29] [INFO] MongoDB: Connected with MongoDB Database Engine
[2024-06-29 03:43:29] [INFO] Redis: Connected with Redis Database Engine
[2024-06-29 03:45:01] [INFO] Server: Server started on port 5000
[2024-06-29 03:45:01] [INFO] MongoDB: Connected with MongoDB Database Engine
[2024-06-29 03:45:01] [INFO] Redis: Connected with Redis Database Engine
[2024-06-29 03:45:19] [INFO] Server: Server started on port 5000
[2024-06-29 03:45:19] [INFO] MongoDB: Connected with MongoDB Database Engine
[2024-06-29 03:45:19] [INFO] Redis: Connected with Redis Database Engine
[2024-06-29 03:46:56] [INFO] Server: Server started on port 5000
[2024-06-29 03:46:56] [INFO] MongoDB: Connected with MongoDB Database Engine
[2024-06-29 03:46:57] [INFO] Redis: Connected with Redis Database Engine
[2024-06-29 03:47:35] [INFO] Server: Server started on port 5000
[2024-06-29 03:47:35] [INFO] MongoDB: Connected with MongoDB Database Engine
[2024-06-29 03:47:35] [INFO] Redis: Connected with Redis Database Engine
[2024-06-29 03:47:51] [INFO] Server: Server started on port 5000
[2024-06-29 03:47:51] [INFO] MongoDB: Connected with MongoDB Database Engine
[2024-06-29 03:47:51] [INFO] Redis: Connected with Redis Database Engine
[2024-06-29 03:47:51] [INFO] Master worker: Job 1482 completed with result undefined
[2024-06-29 03:47:51] [INFO] Worker: Product TEST_WORKER_20 created
[2024-06-29 03:48:06] [INFO] Server: Server started on port 5000
[2024-06-29 03:48:06] [INFO] MongoDB: Connected with MongoDB Database Engine
[2024-06-29 03:48:06] [INFO] Redis: Connected with Redis Database Engine
[2024-06-29 03:48:25] [INFO] Server: Server started on port 5000
[2024-06-29 03:48:25] [INFO] MongoDB: Connected with MongoDB Database Engine
[2024-06-29 03:48:25] [INFO] Redis: Connected with Redis Database Engine
[2024-06-29 03:49:12] [INFO] Server: Server started on port 5000
[2024-06-29 03:49:12] [INFO] MongoDB: Connected with MongoDB Database Engine
[2024-06-29 03:49:12] [INFO] Redis: Connected with Redis Database Engine
[2024-06-29 03:49:27] [INFO] Server: Server started on port 5000
[2024-06-29 03:49:27] [INFO] MongoDB: Connected with MongoDB Database Engine
[2024-06-29 03:49:27] [INFO] Redis: Connected with Redis Database Engine
[2024-06-29 03:50:56] [INFO] Server: Server started on port 5000
[2024-06-29 03:50:56] [INFO] MongoDB: Connected with MongoDB Database Engine
[2024-06-29 03:50:57] [INFO] Redis: Connected with Redis Database Engine
[2024-06-29 03:51:37] [INFO] Server: Server started on port 5000
[2024-06-29 03:51:37] [INFO] MongoDB: Connected with MongoDB Database Engine
[2024-06-29 03:51:37] [INFO] Redis: Connected with Redis Database Engine
[2024-06-29 03:51:45] [INFO] Server: Server started on port 5000
[2024-06-29 03:51:45] [INFO] MongoDB: Connected with MongoDB Database Engine
[2024-06-29 03:51:45] [INFO] Redis: Connected with Redis Database Engine
[2024-06-29 03:52:55] [INFO] Server: Server started on port 5000
[2024-06-29 03:52:55] [INFO] MongoDB: Connected with MongoDB Database Engine
[2024-06-29 03:52:55] [INFO] Redis: Connected with Redis Database Engine
[2024-06-29 03:54:03] [INFO] Server: Server started on port 5000
[2024-06-29 03:54:03] [INFO] MongoDB: Connected with MongoDB Database Engine
[2024-06-29 03:54:03] [INFO] Redis: Connected with Redis Database Engine
[2024-06-29 03:56:22] [INFO] Server: Server started on port 5000
[2024-06-29 03:56:22] [INFO] MongoDB: Connected with MongoDB Database Engine
[2024-06-29 03:56:22] [INFO] Redis: Connected with Redis Database Engine
[2024-06-29 03:56:32] [INFO] Server: Server started on port 5000
[2024-06-29 03:56:32] [INFO] MongoDB: Connected with MongoDB Database Engine
[2024-06-29 03:56:32] [INFO] Redis: Connected with Redis Database Engine
[2024-06-29 03:56:40] [INFO] Server: Server started on port 5000
[2024-06-29 03:56:40] [INFO] MongoDB: Connected with MongoDB Database Engine
[2024-06-29 03:56:41] [INFO] Redis: Connected with Redis Database Engine
[2024-06-29 12:38:20] [INFO] Server: Server started on port 5000
[2024-06-29 12:38:20] [INFO] MongoDB: Connected with MongoDB Database Engine
[2024-06-29 12:38:20] [INFO] Redis: Connected with Redis Database Engine
[2024-06-29 12:51:12] [INFO] Server: Server started on port 5000
[2024-06-29 12:51:12] [INFO] MongoDB: Connected with MongoDB Database Engine
[2024-06-29 12:51:12] [INFO] Redis: Connected with Redis Database Engine
[2024-06-29 12:55:39] [INFO] Master worker: Job 1483 completed with result undefined
[2024-06-29 12:59:10] [INFO] Server: Server started on port 5000
[2024-06-29 12:59:10] [INFO] MongoDB: Connected with MongoDB Database Engine
[2024-06-29 12:59:10] [INFO] Redis: Connected with Redis Database Engine
[2024-06-29 13:00:02] [INFO] Server: Server started on port 5000
[2024-06-29 13:00:03] [INFO] MongoDB: Connected with MongoDB Database Engine
[2024-06-29 13:00:03] [INFO] Redis: Connected with Redis Database Engine
[2024-06-29 13:00:51] [INFO] Server: Server started on port 5000
[2024-06-29 13:00:51] [INFO] MongoDB: Connected with MongoDB Database Engine
[2024-06-29 13:00:51] [INFO] Redis: Connected with Redis Database Engine
[2024-06-29 13:01:11] [INFO] Server: Server started on port 5000
[2024-06-29 13:01:11] [INFO] MongoDB: Connected with MongoDB Database Engine
[2024-06-29 13:01:11] [INFO] Redis: Connected with Redis Database Engine
[2024-06-29 13:02:06] [INFO] Server: Server started on port 5000
[2024-06-29 13:02:06] [INFO] MongoDB: Connected with MongoDB Database Engine
[2024-06-29 13:02:06] [INFO] Redis: Connected with Redis Database Engine
[2024-06-29 13:02:15] [INFO] Server: Server started on port 5000
[2024-06-29 13:02:15] [INFO] MongoDB: Connected with MongoDB Database Engine
[2024-06-29 13:02:15] [INFO] Redis: Connected with Redis Database Engine
[2024-06-29 13:03:02] [INFO] Server: Server started on port 5000
[2024-06-29 13:03:02] [INFO] MongoDB: Connected with MongoDB Database Engine
[2024-06-29 13:03:02] [INFO] Redis: Connected with Redis Database Engine
[2024-06-29 13:03:40] [INFO] Server: Server started on port 5000
[2024-06-29 13:03:40] [INFO] MongoDB: Connected with MongoDB Database Engine
[2024-06-29 13:03:40] [INFO] Redis: Connected with Redis Database Engine
[2024-06-29 13:03:52] [INFO] Server: Server started on port 5000
[2024-06-29 13:03:52] [INFO] MongoDB: Connected with MongoDB Database Engine
[2024-06-29 13:03:52] [INFO] Redis: Connected with Redis Database Engine
[2024-06-29 13:04:00] [INFO] Server: Server started on port 5000
[2024-06-29 13:04:00] [INFO] MongoDB: Connected with MongoDB Database Engine
[2024-06-29 13:04:00] [INFO] Redis: Connected with Redis Database Engine
[2024-06-29 13:04:31] [INFO] Server: Server started on port 5000
[2024-06-29 13:04:31] [INFO] MongoDB: Connected with MongoDB Database Engine
[2024-06-29 13:04:31] [INFO] Redis: Connected with Redis Database Engine
[2024-06-29 13:04:43] [INFO] Server: Server started on port 5000
[2024-06-29 13:04:43] [INFO] MongoDB: Connected with MongoDB Database Engine
[2024-06-29 13:04:44] [INFO] Redis: Connected with Redis Database Engine
[2024-06-29 13:05:16] [INFO] Server: Server started on port 5000
[2024-06-29 13:05:16] [INFO] MongoDB: Connected with MongoDB Database Engine
[2024-06-29 13:05:16] [INFO] Redis: Connected with Redis Database Engine
[2024-06-29 13:05:28] [INFO] Server: Server started on port 5000
[2024-06-29 13:05:28] [INFO] MongoDB: Connected with MongoDB Database Engine
[2024-06-29 13:05:28] [INFO] Redis: Connected with Redis Database Engine
[2024-06-29 13:05:40] [INFO] Server: Server started on port 5000
[2024-06-29 13:05:40] [INFO] MongoDB: Connected with MongoDB Database Engine
[2024-06-29 13:05:40] [INFO] Redis: Connected with Redis Database Engine
[2024-06-29 13:06:06] [INFO] Server: Server started on port 5000
[2024-06-29 13:06:06] [INFO] MongoDB: Connected with MongoDB Database Engine
[2024-06-29 13:06:06] [INFO] Redis: Connected with Redis Database Engine
[2024-06-29 13:06:06] [INFO] Sync: Synced 1 users
[2024-06-29 13:06:24] [INFO] Server: Server started on port 5000
[2024-06-29 13:06:24] [INFO] MongoDB: Connected with MongoDB Database Engine
[2024-06-29 13:06:24] [INFO] Redis: Connected with Redis Database Engine
[2024-06-29 13:06:24] [INFO] Sync: Synced 1 users
[2024-06-29 13:06:40] [INFO] Server: Server started on port 5000
[2024-06-29 13:06:40] [INFO] MongoDB: Connected with MongoDB Database Engine
[2024-06-29 13:06:40] [INFO] Redis: Connected with Redis Database Engine
[2024-06-29 13:06:40] [INFO] Sync: Synced 1 users
[2024-06-29 13:07:09] [INFO] Server: Server started on port 5000
[2024-06-29 13:07:09] [INFO] MongoDB: Connected with MongoDB Database Engine
[2024-06-29 13:07:09] [INFO] Redis: Connected with Redis Database Engine
[2024-06-29 13:07:09] [INFO] Sync: Synced 1 users
[2024-06-29 13:07:22] [INFO] Server: Server started on port 5000
[2024-06-29 13:07:22] [INFO] MongoDB: Connected with MongoDB Database Engine
[2024-06-29 13:07:22] [INFO] Redis: Connected with Redis Database Engine
[2024-06-29 13:07:22] [INFO] Sync: Synced 1 users
[2024-06-29 13:07:56] [INFO] Server: Server started on port 5000
[2024-06-29 13:07:56] [INFO] MongoDB: Connected with MongoDB Database Engine
[2024-06-29 13:07:56] [INFO] Redis: Connected with Redis Database Engine
[2024-06-29 13:07:56] [INFO] Sync: Synced 1 users
[2024-06-29 13:09:35] [INFO] Server: Server started on port 5000
[2024-06-29 13:09:35] [INFO] MongoDB: Connected with MongoDB Database Engine
[2024-06-29 13:09:36] [INFO] Redis: Connected with Redis Database Engine
[2024-06-29 13:09:36] [INFO] Sync: Synced 1 users
[2024-06-29 13:10:53] [INFO] Server: Server started on port 5000
[2024-06-29 13:10:53] [INFO] MongoDB: Connected with MongoDB Database Engine
[2024-06-29 13:10:53] [INFO] Redis: Connected with Redis Database Engine
[2024-06-29 13:10:53] [INFO] Sync: Synced 1 users
[2024-06-29 13:11:08] [INFO] Server: Server started on port 5000
[2024-06-29 13:11:08] [INFO] MongoDB: Connected with MongoDB Database Engine
[2024-06-29 13:11:08] [INFO] Redis: Connected with Redis Database Engine
[2024-06-29 13:11:08] [INFO] Sync: Synced 1 users
[2024-06-29 13:11:18] [INFO] Server: Server started on port 5000
[2024-06-29 13:11:18] [INFO] MongoDB: Connected with MongoDB Database Engine
[2024-06-29 13:11:18] [INFO] Redis: Connected with Redis Database Engine
[2024-06-29 13:11:18] [INFO] Sync: Synced 1 users
[2024-06-29 13:11:32] [INFO] Server: Server started on port 5000
[2024-06-29 13:11:32] [INFO] MongoDB: Connected with MongoDB Database Engine
[2024-06-29 13:11:32] [INFO] Redis: Connected with Redis Database Engine
[2024-06-29 13:11:32] [INFO] Sync: Synced 1 users
[2024-06-29 13:11:54] [INFO] Server: Server started on port 5000
[2024-06-29 13:11:54] [INFO] MongoDB: Connected with MongoDB Database Engine
[2024-06-29 13:11:54] [INFO] Redis: Connected with Redis Database Engine
[2024-06-29 13:11:54] [INFO] Sync: Synced 1 users
[2024-06-29 13:11:56] [ERROR] Item: Error on creating item ValidationError: createdBy: Path `createdBy` is required.
[2024-06-29 13:12:30] [INFO] Server: Server started on port 5000
[2024-06-29 13:12:30] [INFO] MongoDB: Connected with MongoDB Database Engine
[2024-06-29 13:12:30] [INFO] Redis: Connected with Redis Database Engine
[2024-06-29 13:12:30] [INFO] Sync: Synced 1 users
[2024-06-29 13:12:52] [ERROR] Item: Error on creating item TypeError: Cannot read properties of undefined (reading 'length')
[2024-06-29 13:12:52] [INFO] Master worker: Job 1484 completed with result undefined
[2024-06-29 13:12:52] [INFO] Worker: Product test_worker_34 created
[2024-06-29 13:13:19] [INFO] Server: Server started on port 5000
[2024-06-29 13:13:19] [INFO] MongoDB: Connected with MongoDB Database Engine
[2024-06-29 13:13:19] [INFO] Redis: Connected with Redis Database Engine
[2024-06-29 13:13:19] [INFO] Sync: Synced 1 users
[2024-06-29 13:13:41] [ERROR] Item: Error on creating item TypeError: Cannot read properties of undefined (reading 'length')
[2024-06-29 13:13:41] [INFO] Master worker: Job 1485 completed with result undefined
[2024-06-29 13:13:41] [INFO] Worker: Product test_worker_35 created
[2024-06-29 13:14:18] [INFO] Server: Server started on port 5000
[2024-06-29 13:14:18] [INFO] MongoDB: Connected with MongoDB Database Engine
[2024-06-29 13:14:18] [INFO] Redis: Connected with Redis Database Engine
[2024-06-29 13:14:18] [INFO] Sync: Synced 1 users
[2024-06-29 13:14:39] [INFO] Server: Server started on port 5000
[2024-06-29 13:14:39] [INFO] MongoDB: Connected with MongoDB Database Engine
[2024-06-29 13:14:39] [INFO] Redis: Connected with Redis Database Engine
[2024-06-29 13:14:39] [INFO] Sync: Synced 1 users
[2024-06-29 13:15:17] [INFO] Server: Server started on port 5000
[2024-06-29 13:15:17] [INFO] MongoDB: Connected with MongoDB Database Engine
[2024-06-29 13:15:17] [INFO] Redis: Connected with Redis Database Engine
[2024-06-29 13:15:17] [INFO] Sync: Synced 1 users
[2024-06-29 13:15:39] [INFO] Server: Server started on port 5000
[2024-06-29 13:15:39] [INFO] MongoDB: Connected with MongoDB Database Engine
[2024-06-29 13:15:39] [INFO] Redis: Connected with Redis Database Engine
[2024-06-29 13:15:39] [INFO] Sync: Synced 1 users
[2024-06-29 13:17:00] [INFO] Server: Server started on port 5000
[2024-06-29 13:17:00] [INFO] MongoDB: Connected with MongoDB Database Engine
[2024-06-29 13:17:00] [INFO] Redis: Connected with Redis Database Engine
[2024-06-29 13:17:00] [INFO] Sync: Synced 1 users
[2024-06-29 13:17:39] [INFO] Master worker: Job 1486 completed with result undefined
[2024-06-29 13:17:39] [INFO] Worker: Product test_worker_36 created
[2024-06-29 13:17:39] [INFO] Master worker: Job 1487 completed with result undefined
[2024-06-29 13:20:02] [INFO] Server: Server started on port 5000
[2024-06-29 13:20:02] [INFO] MongoDB: Connected with MongoDB Database Engine
[2024-06-29 13:20:02] [INFO] Redis: Connected with Redis Database Engine
[2024-06-29 13:20:02] [INFO] Sync: Synced 1 users
[2024-06-29 13:20:17] [INFO] Master worker: Job 1488 completed with result undefined
[2024-06-29 13:20:17] [INFO] Master worker: Job 1489 completed with result undefined
[2024-06-29 13:20:17] [INFO] Worker: Product test_worker_37 created
[2024-06-29 13:25:08] [INFO] Master worker: Job 1490 completed with result undefined
[2024-06-29 13:25:08] [INFO] Master worker: Job 1491 completed with result undefined
[2024-06-29 13:25:08] [INFO] Worker: Product test_worker_38 created
[2024-06-29 13:26:59] [INFO] Master worker: Job 1492 completed with result undefined
[2024-06-29 13:27:55] [INFO] Server: Server started on port 5000
[2024-06-29 13:27:55] [INFO] MongoDB: Connected with MongoDB Database Engine
[2024-06-29 13:27:55] [INFO] Redis: Connected with Redis Database Engine
[2024-06-29 13:27:55] [INFO] Sync: Synced 1 users
[2024-06-29 13:28:24] [INFO] Server: Server started on port 5000
[2024-06-29 13:28:24] [INFO] MongoDB: Connected with MongoDB Database Engine
[2024-06-29 13:28:25] [INFO] Redis: Connected with Redis Database Engine
[2024-06-29 13:28:25] [INFO] Sync: Synced 1 users
[2024-06-29 13:28:37] [INFO] Server: Server started on port 5000
[2024-06-29 13:28:37] [INFO] MongoDB: Connected with MongoDB Database Engine
[2024-06-29 13:28:37] [INFO] Redis: Connected with Redis Database Engine
[2024-06-29 13:28:37] [INFO] Sync: Synced 1 users
[2024-06-29 13:28:45] [INFO] Server: Server started on port 5000
[2024-06-29 13:28:45] [INFO] MongoDB: Connected with MongoDB Database Engine
[2024-06-29 13:28:45] [INFO] Redis: Connected with Redis Database Engine
[2024-06-29 13:28:45] [INFO] Sync: Synced 1 users
[2024-06-29 13:28:58] [INFO] Server: Server started on port 5000
[2024-06-29 13:28:58] [INFO] MongoDB: Connected with MongoDB Database Engine
[2024-06-29 13:28:58] [INFO] Redis: Connected with Redis Database Engine
[2024-06-29 13:28:58] [INFO] Sync: Synced 1 users
[2024-06-29 13:29:47] [INFO] Server: Server started on port 5000
[2024-06-29 13:29:47] [INFO] MongoDB: Connected with MongoDB Database Engine
[2024-06-29 13:29:47] [INFO] Redis: Connected with Redis Database Engine
[2024-06-29 13:29:47] [INFO] Sync: Synced 1 users
[2024-06-29 13:30:08] [INFO] Server: Server started on port 5000
[2024-06-29 13:30:08] [INFO] MongoDB: Connected with MongoDB Database Engine
[2024-06-29 13:30:08] [INFO] Redis: Connected with Redis Database Engine
[2024-06-29 13:30:08] [INFO] Sync: Synced 1 users
[2024-06-29 13:30:42] [INFO] Server: Server started on port 5000
[2024-06-29 13:30:42] [INFO] MongoDB: Connected with MongoDB Database Engine
[2024-06-29 13:30:42] [INFO] Redis: Connected with Redis Database Engine
[2024-06-29 13:30:42] [INFO] Sync: Synced 1 users
[2024-06-29 13:30:49] [INFO] Server: Server started on port 5000
[2024-06-29 13:30:49] [INFO] MongoDB: Connected with MongoDB Database Engine
[2024-06-29 13:30:50] [INFO] Redis: Connected with Redis Database Engine
[2024-06-29 13:30:50] [INFO] Sync: Synced 1 users
[2024-06-29 13:31:10] [INFO] Server: Server started on port 5000
[2024-06-29 13:31:10] [INFO] MongoDB: Connected with MongoDB Database Engine
[2024-06-29 13:31:10] [INFO] Redis: Connected with Redis Database Engine
[2024-06-29 13:31:10] [INFO] Sync: Synced 1 users
[2024-06-29 13:33:09] [INFO] Server: Server started on port 5000
[2024-06-29 13:33:09] [INFO] MongoDB: Connected with MongoDB Database Engine
[2024-06-29 13:33:09] [INFO] Redis: Connected with Redis Database Engine
[2024-06-29 13:33:09] [INFO] Sync: Synced 1 users
[2024-06-29 13:33:46] [INFO] Server: Server started on port 5000
[2024-06-29 13:33:46] [INFO] MongoDB: Connected with MongoDB Database Engine
[2024-06-29 13:33:46] [INFO] Redis: Connected with Redis Database Engine
[2024-06-29 13:33:46] [INFO] Sync: Synced 1 users
[2024-06-29 13:34:08] [INFO] Server: Server started on port 5000
[2024-06-29 13:34:08] [INFO] MongoDB: Connected with MongoDB Database Engine
[2024-06-29 13:34:08] [INFO] Redis: Connected with Redis Database Engine
[2024-06-29 13:34:08] [INFO] Sync: Synced 1 users
[2024-06-29 13:34:16] [INFO] Server: Server started on port 5000
[2024-06-29 13:34:16] [INFO] MongoDB: Connected with MongoDB Database Engine
[2024-06-29 13:34:16] [INFO] Redis: Connected with Redis Database Engine
[2024-06-29 13:34:16] [INFO] Sync: Synced 1 users
[2024-06-29 13:34:26] [INFO] Server: Server started on port 5000
[2024-06-29 13:34:26] [INFO] MongoDB: Connected with MongoDB Database Engine
[2024-06-29 13:34:26] [INFO] Redis: Connected with Redis Database Engine
[2024-06-29 13:34:26] [INFO] Sync: Synced 1 users
[2024-06-29 13:35:19] [INFO] Server: Server started on port 5000
[2024-06-29 13:35:19] [INFO] MongoDB: Connected with MongoDB Database Engine
[2024-06-29 13:35:19] [INFO] Redis: Connected with Redis Database Engine
[2024-06-29 13:35:19] [INFO] Sync: Synced 1 users
[2024-06-29 13:35:49] [INFO] Server: Server started on port 5000
[2024-06-29 13:35:49] [INFO] MongoDB: Connected with MongoDB Database Engine
[2024-06-29 13:35:49] [INFO] Redis: Connected with Redis Database Engine
[2024-06-29 13:35:49] [INFO] Sync: Synced 1 users
[2024-06-29 13:36:02] [INFO] Server: Server started on port 5000
[2024-06-29 13:36:02] [INFO] MongoDB: Connected with MongoDB Database Engine
[2024-06-29 13:36:02] [INFO] Redis: Connected with Redis Database Engine
[2024-06-29 13:36:02] [INFO] Sync: Synced 1 users
[2024-06-29 13:37:24] [INFO] Server: Server started on port 5000
[2024-06-29 13:37:24] [INFO] MongoDB: Connected with MongoDB Database Engine
[2024-06-29 13:37:24] [INFO] Redis: Connected with Redis Database Engine
[2024-06-29 13:37:24] [INFO] Sync: Synced 1 users
[2024-06-29 15:49:35] [INFO] Server: Server started on port 5000
[2024-06-29 15:49:35] [INFO] MongoDB: Connected with MongoDB Database Engine
[2024-06-29 15:49:35] [INFO] Redis: Connected with Redis Database Engine
[2024-06-29 15:49:35] [INFO] Sync: Synced 1 users
[2024-06-29 15:51:09] [INFO] Server: Server started on port 5000
[2024-06-29 15:51:09] [INFO] MongoDB: Connected with MongoDB Database Engine
[2024-06-29 15:51:09] [INFO] Redis: Connected with Redis Database Engine
[2024-06-29 15:51:09] [INFO] Sync: Synced 1 users
[2024-06-29 15:52:03] [INFO] Server: Server started on port 5000
[2024-06-29 15:52:03] [INFO] MongoDB: Connected with MongoDB Database Engine
[2024-06-29 15:52:04] [INFO] Redis: Connected with Redis Database Engine
[2024-06-29 15:52:04] [INFO] Sync: Synced 1 users
[2024-06-29 15:52:29] [INFO] Server: Server started on port 5000
[2024-06-29 15:52:29] [INFO] MongoDB: Connected with MongoDB Database Engine
[2024-06-29 15:52:29] [INFO] Redis: Connected with Redis Database Engine
[2024-06-29 15:52:29] [INFO] Sync: Synced 1 users
[2024-06-29 15:54:55] [INFO] Server: Server started on port 5000
[2024-06-29 15:54:55] [INFO] MongoDB: Connected with MongoDB Database Engine
[2024-06-29 15:54:55] [INFO] Redis: Connected with Redis Database Engine
[2024-06-29 15:54:55] [INFO] Sync: Synced 1 users
[2024-06-29 15:55:26] [INFO] Server: Server started on port 5000
[2024-06-29 15:55:26] [INFO] MongoDB: Connected with MongoDB Database Engine
[2024-06-29 15:55:26] [INFO] Redis: Connected with Redis Database Engine
[2024-06-29 15:55:26] [INFO] Sync: Synced 1 users
[2024-06-29 15:55:43] [INFO] Server: Server started on port 5000
[2024-06-29 15:55:43] [INFO] MongoDB: Connected with MongoDB Database Engine
[2024-06-29 15:55:43] [INFO] Redis: Connected with Redis Database Engine
[2024-06-29 15:56:02] [INFO] Server: Server started on port 5000
[2024-06-29 15:56:02] [INFO] MongoDB: Connected with MongoDB Database Engine
[2024-06-29 15:56:02] [INFO] Redis: Connected with Redis Database Engine
[2024-06-29 15:56:02] [INFO] Sync: Synced 1 users
[2024-06-29 15:57:23] [INFO] Server: Server started on port 5000
[2024-06-29 15:57:23] [INFO] MongoDB: Connected with MongoDB Database Engine
[2024-06-29 15:57:24] [INFO] Redis: Connected with Redis Database Engine
[2024-06-29 15:57:24] [INFO] Sync: Synced 1 users
[2024-06-29 15:57:41] [INFO] Server: Server started on port 5000
[2024-06-29 15:57:41] [INFO] MongoDB: Connected with MongoDB Database Engine
[2024-06-29 15:57:41] [INFO] Redis: Connected with Redis Database Engine
[2024-06-29 15:57:41] [INFO] Sync: Synced 1 users
[2024-06-29 15:58:12] [INFO] Server: Server started on port 5000
[2024-06-29 15:58:12] [INFO] MongoDB: Connected with MongoDB Database Engine
[2024-06-29 15:58:12] [INFO] Redis: Connected with Redis Database Engine
[2024-06-29 15:58:12] [INFO] Sync: Synced 1 users
[2024-06-29 17:54:27] [INFO] Master worker: Job 1493 completed with result undefined
[2024-06-29 18:05:56] [INFO] Master worker: Job 1494 completed with result undefined
[2024-06-29 18:05:56] [INFO] Master worker: Job 1495 completed with result undefined
[2024-06-29 18:07:43] [INFO] Server: Server started on port 5000
[2024-06-29 18:07:43] [INFO] MongoDB: Connected with MongoDB Database Engine
[2024-06-29 18:07:43] [INFO] Redis: Connected with Redis Database Engine
[2024-06-29 18:07:43] [INFO] Sync: Synced 1 users
[2024-06-29 18:08:18] [INFO] Server: Server started on port 5000
[2024-06-29 18:08:18] [INFO] MongoDB: Connected with MongoDB Database Engine
[2024-06-29 18:08:18] [INFO] Redis: Connected with Redis Database Engine
[2024-06-29 18:08:18] [INFO] Sync: Synced 1 users
[2024-06-29 18:09:06] [INFO] Server: Server started on port 5000
[2024-06-29 18:09:06] [INFO] MongoDB: Connected with MongoDB Database Engine
[2024-06-29 18:09:06] [INFO] Redis: Connected with Redis Database Engine
[2024-06-29 18:09:06] [INFO] Sync: Synced 1 users
[2024-06-29 18:09:38] [INFO] Server: Server started on port 5000
[2024-06-29 18:09:38] [INFO] MongoDB: Connected with MongoDB Database Engine
[2024-06-29 18:09:38] [INFO] Redis: Connected with Redis Database Engine
[2024-06-29 18:09:38] [INFO] Sync: Synced 1 users
[2024-06-29 18:10:18] [INFO] Server: Server started on port 5000
[2024-06-29 18:10:18] [INFO] MongoDB: Connected with MongoDB Database Engine
[2024-06-29 18:10:18] [INFO] Redis: Connected with Redis Database Engine
[2024-06-29 18:10:19] [INFO] Sync: Synced 1 users
[2024-06-29 18:10:44] [INFO] Server: Server started on port 5000
[2024-06-29 18:10:44] [INFO] MongoDB: Connected with MongoDB Database Engine
[2024-06-29 18:10:45] [INFO] Redis: Connected with Redis Database Engine
[2024-06-29 18:10:45] [INFO] Sync: Synced 1 users
[2024-06-29 18:11:16] [INFO] Server: Server started on port 5000
[2024-06-29 18:11:16] [INFO] MongoDB: Connected with MongoDB Database Engine
[2024-06-29 18:11:16] [INFO] Redis: Connected with Redis Database Engine
[2024-06-29 18:11:16] [INFO] Sync: Synced 1 users
[2024-06-29 18:11:32] [INFO] Server: Server started on port 5000
[2024-06-29 18:11:32] [INFO] MongoDB: Connected with MongoDB Database Engine
[2024-06-29 18:11:32] [INFO] Redis: Connected with Redis Database Engine
[2024-06-29 18:11:32] [INFO] Sync: Synced 1 users
[2024-06-29 18:12:23] [INFO] Server: Server started on port 5000
[2024-06-29 18:12:23] [INFO] MongoDB: Connected with MongoDB Database Engine
[2024-06-29 18:12:23] [INFO] Redis: Connected with Redis Database Engine
[2024-06-29 18:12:23] [INFO] Sync: Synced 1 users
[2024-06-29 18:13:11] [INFO] Server: Server started on port 5000
[2024-06-29 18:13:11] [INFO] MongoDB: Connected with MongoDB Database Engine
[2024-06-29 18:13:11] [INFO] Redis: Connected with Redis Database Engine
[2024-06-29 18:13:11] [INFO] Sync: Synced 1 users
[2024-06-29 18:13:32] [INFO] Server: Server started on port 5000
[2024-06-29 18:13:32] [INFO] MongoDB: Connected with MongoDB Database Engine
[2024-06-29 18:13:32] [INFO] Redis: Connected with Redis Database Engine
[2024-06-29 18:13:32] [INFO] Sync: Synced 1 users
[2024-06-29 18:13:49] [INFO] Server: Server started on port 5000
[2024-06-29 18:13:49] [INFO] MongoDB: Connected with MongoDB Database Engine
[2024-06-29 18:13:49] [INFO] Redis: Connected with Redis Database Engine
[2024-06-29 18:13:49] [INFO] Sync: Synced 1 users
[2024-06-29 18:13:59] [INFO] Server: Server started on port 5000
[2024-06-29 18:13:59] [INFO] MongoDB: Connected with MongoDB Database Engine
[2024-06-29 18:13:59] [INFO] Redis: Connected with Redis Database Engine
[2024-06-29 18:13:59] [INFO] Sync: Synced 1 users
[2024-06-29 18:14:45] [INFO] Server: Server started on port 5000
[2024-06-29 18:14:45] [INFO] MongoDB: Connected with MongoDB Database Engine
[2024-06-29 18:14:46] [INFO] Redis: Connected with Redis Database Engine
[2024-06-29 18:14:46] [INFO] Sync: Synced 1 users
[2024-06-29 18:14:56] [INFO] Server: Server started on port 5000
[2024-06-29 18:14:56] [INFO] MongoDB: Connected with MongoDB Database Engine
[2024-06-29 18:14:56] [INFO] Redis: Connected with Redis Database Engine
[2024-06-29 18:14:56] [INFO] Sync: Synced 1 users
[2024-06-29 18:16:08] [INFO] Server: Server started on port 5000
[2024-06-29 18:16:08] [INFO] MongoDB: Connected with MongoDB Database Engine
[2024-06-29 18:16:08] [INFO] Redis: Connected with Redis Database Engine
[2024-06-29 18:16:08] [INFO] Sync: Synced 1 users
[2024-06-29 18:17:23] [INFO] Server: Server started on port 5000
[2024-06-29 18:17:23] [INFO] MongoDB: Connected with MongoDB Database Engine
[2024-06-29 18:17:23] [INFO] Redis: Connected with Redis Database Engine
[2024-06-29 18:17:23] [INFO] Sync: Synced 1 users
[2024-06-29 18:17:44] [INFO] Server: Server started on port 5000
[2024-06-29 18:17:44] [INFO] MongoDB: Connected with MongoDB Database Engine
[2024-06-29 18:17:44] [INFO] Redis: Connected with Redis Database Engine
[2024-06-29 18:17:44] [INFO] Sync: Synced 1 users
[2024-06-29 18:18:03] [INFO] Server: Server started on port 5000
[2024-06-29 18:18:03] [INFO] MongoDB: Connected with MongoDB Database Engine
[2024-06-29 18:18:03] [INFO] Redis: Connected with Redis Database Engine
[2024-06-29 18:18:03] [INFO] Sync: Synced 1 users
[2024-06-29 18:26:08] [INFO] Server: Server started on port 5000
[2024-06-29 18:26:08] [INFO] MongoDB: Connected with MongoDB Database Engine
[2024-06-29 18:26:08] [INFO] Redis: Connected with Redis Database Engine
[2024-06-29 18:26:08] [INFO] Sync: Synced 1 users
[2024-06-29 18:26:15] [INFO] Server: Server started on port 5000
[2024-06-29 18:26:15] [INFO] MongoDB: Connected with MongoDB Database Engine
[2024-06-29 18:26:15] [INFO] Redis: Connected with Redis Database Engine
[2024-06-29 18:26:16] [INFO] Sync: Synced 1 users
[2024-06-29 18:26:29] [INFO] Server: Server started on port 5000
[2024-06-29 18:26:29] [INFO] MongoDB: Connected with MongoDB Database Engine
[2024-06-29 18:26:29] [INFO] Redis: Connected with Redis Database Engine
[2024-06-29 18:26:29] [INFO] Sync: Synced 1 users
[2024-06-29 18:26:59] [INFO] Server: Server started on port 5000
[2024-06-29 18:26:59] [INFO] MongoDB: Connected with MongoDB Database Engine
[2024-06-29 18:26:59] [INFO] Redis: Connected with Redis Database Engine
[2024-06-29 18:26:59] [INFO] Sync: Synced 1 users
[2024-06-29 18:28:43] [INFO] Server: Server started on port 5000
[2024-06-29 18:28:43] [INFO] MongoDB: Connected with MongoDB Database Engine
[2024-06-29 18:28:43] [INFO] Redis: Connected with Redis Database Engine
[2024-06-29 18:28:43] [INFO] Sync: Synced 1 users
[2024-06-29 18:29:16] [INFO] Server: Server started on port 5000
[2024-06-29 18:29:16] [INFO] MongoDB: Connected with MongoDB Database Engine
[2024-06-29 18:29:16] [INFO] Redis: Connected with Redis Database Engine
[2024-06-29 18:29:16] [INFO] Sync: Synced 1 users
[2024-06-29 18:29:30] [INFO] Server: Server started on port 5000
[2024-06-29 18:29:30] [INFO] MongoDB: Connected with MongoDB Database Engine
[2024-06-29 18:29:30] [INFO] Redis: Connected with Redis Database Engine
[2024-06-29 18:29:30] [INFO] Sync: Synced 1 users
[2024-06-29 18:31:12] [INFO] Server: Server started on port 5000
[2024-06-29 18:31:12] [INFO] MongoDB: Connected with MongoDB Database Engine
[2024-06-29 18:31:12] [INFO] Redis: Connected with Redis Database Engine
[2024-06-29 18:31:12] [INFO] Sync: Synced 1 users
[2024-06-29 18:31:24] [INFO] Server: Server started on port 5000
[2024-06-29 18:31:24] [INFO] MongoDB: Connected with MongoDB Database Engine
[2024-06-29 18:31:24] [INFO] Redis: Connected with Redis Database Engine
[2024-06-29 18:31:24] [INFO] Sync: Synced 1 users
[2024-06-29 18:31:30] [INFO] Server: Server started on port 5000
[2024-06-29 18:31:30] [INFO] MongoDB: Connected with MongoDB Database Engine
[2024-06-29 18:31:30] [INFO] Redis: Connected with Redis Database Engine
[2024-06-29 18:31:30] [INFO] Sync: Synced 1 users
[2024-06-29 18:32:11] [INFO] Server: Server started on port 5000
[2024-06-29 18:32:11] [INFO] MongoDB: Connected with MongoDB Database Engine
[2024-06-29 18:32:11] [INFO] Redis: Connected with Redis Database Engine
[2024-06-29 18:32:11] [INFO] Sync: Synced 1 users
[2024-06-29 18:32:20] [INFO] Server: Server started on port 5000
[2024-06-29 18:32:20] [INFO] MongoDB: Connected with MongoDB Database Engine
[2024-06-29 18:32:20] [INFO] Redis: Connected with Redis Database Engine
[2024-06-29 18:32:20] [INFO] Sync: Synced 1 users
[2024-06-29 18:32:36] [INFO] Server: Server started on port 5000
[2024-06-29 18:32:36] [INFO] MongoDB: Connected with MongoDB Database Engine
[2024-06-29 18:32:36] [INFO] Redis: Connected with Redis Database Engine
[2024-06-29 18:32:36] [INFO] Sync: Synced 1 users
[2024-06-29 18:32:51] [INFO] Server: Server started on port 5000
[2024-06-29 18:32:51] [INFO] MongoDB: Connected with MongoDB Database Engine
[2024-06-29 18:32:51] [INFO] Redis: Connected with Redis Database Engine
[2024-06-29 18:32:51] [INFO] Sync: Synced 1 users
[2024-06-29 18:33:10] [INFO] Server: Server started on port 5000
[2024-06-29 18:33:10] [INFO] MongoDB: Connected with MongoDB Database Engine
[2024-06-29 18:33:11] [INFO] Redis: Connected with Redis Database Engine
[2024-06-29 18:33:11] [INFO] Sync: Synced 1 users
[2024-06-29 18:39:12] [INFO] Server: Server started on port 5000
[2024-06-29 18:39:12] [INFO] MongoDB: Connected with MongoDB Database Engine
[2024-06-29 18:39:12] [INFO] Redis: Connected with Redis Database Engine
[2024-06-29 18:39:12] [INFO] Sync: Synced 1 users
[2024-06-29 18:40:40] [INFO] Server: Server started on port 5000
[2024-06-29 18:40:40] [INFO] MongoDB: Connected with MongoDB Database Engine
[2024-06-29 18:40:40] [INFO] Redis: Connected with Redis Database Engine
[2024-06-29 18:40:40] [INFO] Sync: Synced 1 users
[2024-06-29 18:41:49] [INFO] Server: Server started on port 5000
[2024-06-29 18:41:49] [INFO] MongoDB: Connected with MongoDB Database Engine
[2024-06-29 18:41:49] [INFO] Redis: Connected with Redis Database Engine
[2024-06-29 18:41:49] [INFO] Sync: Synced 1 users
[2024-06-29 18:42:17] [INFO] Server: Server started on port 5000
[2024-06-29 18:42:17] [INFO] MongoDB: Connected with MongoDB Database Engine
[2024-06-29 18:42:17] [INFO] Redis: Connected with Redis Database Engine
[2024-06-29 18:42:17] [INFO] Sync: Synced 1 users
[2024-06-29 18:57:42] [INFO] Server: Server started on port 5000
[2024-06-29 18:57:42] [INFO] MongoDB: Connected with MongoDB Database Engine
[2024-06-29 18:57:42] [INFO] Redis: Connected with Redis Database Engine
[2024-06-29 18:57:42] [INFO] Sync: Synced 1 users
[2024-06-29 19:08:52] [INFO] Server: Server started on port 5000
[2024-06-29 19:08:52] [INFO] MongoDB: Connected with MongoDB Database Engine
[2024-06-29 19:08:52] [INFO] Redis: Connected with Redis Database Engine
[2024-06-29 19:08:52] [INFO] Sync: Synced 5 users
[2024-06-29 19:09:25] [INFO] Server: Server started on port 5000
[2024-06-29 19:09:25] [INFO] MongoDB: Connected with MongoDB Database Engine
[2024-06-29 19:09:25] [INFO] Redis: Connected with Redis Database Engine
[2024-06-29 19:09:25] [INFO] Sync: Synced 5 users
[2024-06-29 19:09:31] [INFO] Server: Server started on port 5000
[2024-06-29 19:09:31] [INFO] MongoDB: Connected with MongoDB Database Engine
[2024-06-29 19:09:31] [INFO] Redis: Connected with Redis Database Engine
[2024-06-29 19:09:31] [INFO] Sync: Synced 5 users
[2024-06-29 19:20:21] [INFO] Server: Server started on port 5000
[2024-06-29 19:20:21] [INFO] MongoDB: Connected with MongoDB Database Engine
[2024-06-29 19:20:21] [INFO] Redis: Connected with Redis Database Engine
[2024-06-29 19:20:21] [INFO] Sync: Synced 5 users
[2024-06-29 19:22:20] [INFO] Server: Server started on port 5000
[2024-06-29 19:22:20] [INFO] MongoDB: Connected with MongoDB Database Engine
[2024-06-29 19:22:21] [INFO] Redis: Connected with Redis Database Engine
[2024-06-29 19:22:21] [INFO] Sync: Synced 5 users
[2024-06-29 19:22:57] [INFO] Server: Server started on port 5000
[2024-06-29 19:22:57] [INFO] MongoDB: Connected with MongoDB Database Engine
[2024-06-29 19:22:58] [INFO] Redis: Connected with Redis Database Engine
[2024-06-29 19:22:58] [INFO] Sync: Synced 5 users
[2024-06-29 19:23:23] [INFO] Server: Server started on port 5000
[2024-06-29 19:23:23] [INFO] MongoDB: Connected with MongoDB Database Engine
[2024-06-29 19:23:23] [INFO] Redis: Connected with Redis Database Engine
[2024-06-29 19:23:23] [INFO] Sync: Synced 5 users
[2024-06-29 19:23:37] [INFO] Server: Server started on port 5000
[2024-06-29 19:23:37] [INFO] MongoDB: Connected with MongoDB Database Engine
[2024-06-29 19:23:37] [INFO] Redis: Connected with Redis Database Engine
[2024-06-29 19:23:37] [INFO] Sync: Synced 5 users
[2024-06-29 19:24:21] [INFO] Server: Server started on port 5000
[2024-06-29 19:24:21] [INFO] MongoDB: Connected with MongoDB Database Engine
[2024-06-29 19:24:21] [INFO] Redis: Connected with Redis Database Engine
[2024-06-29 19:24:21] [INFO] Sync: Synced 5 users
[2024-06-29 19:24:41] [INFO] Server: Server started on port 5000
[2024-06-29 19:24:41] [INFO] MongoDB: Connected with MongoDB Database Engine
[2024-06-29 19:24:41] [INFO] Redis: Connected with Redis Database Engine
[2024-06-29 19:24:41] [INFO] Sync: Synced 5 users
[2024-06-29 19:25:06] [INFO] Server: Server started on port 5000
[2024-06-29 19:25:06] [INFO] MongoDB: Connected with MongoDB Database Engine
[2024-06-29 19:25:06] [INFO] Redis: Connected with Redis Database Engine
[2024-06-29 19:25:06] [INFO] Sync: Synced 5 users
[2024-06-29 19:25:19] [INFO] Server: Server started on port 5000
[2024-06-29 19:25:19] [INFO] MongoDB: Connected with MongoDB Database Engine
[2024-06-29 19:25:19] [INFO] Redis: Connected with Redis Database Engine
[2024-06-29 19:25:19] [INFO] Sync: Synced 5 users
[2024-06-29 19:25:28] [INFO] Server: Server started on port 5000
[2024-06-29 19:25:28] [INFO] MongoDB: Connected with MongoDB Database Engine
[2024-06-29 19:25:29] [INFO] Redis: Connected with Redis Database Engine
[2024-06-29 19:25:29] [INFO] Sync: Synced 5 users
[2024-06-29 19:25:42] [INFO] Server: Server started on port 5000
[2024-06-29 19:25:42] [INFO] MongoDB: Connected with MongoDB Database Engine
[2024-06-29 19:25:42] [INFO] Redis: Connected with Redis Database Engine
[2024-06-29 19:25:48] [INFO] Server: Server started on port 5000
[2024-06-29 19:25:48] [INFO] MongoDB: Connected with MongoDB Database Engine
[2024-06-29 19:25:48] [INFO] Redis: Connected with Redis Database Engine
[2024-06-29 19:25:48] [INFO] Sync: Synced 5 users
[2024-06-29 19:26:14] [INFO] Server: Server started on port 5000
[2024-06-29 19:26:14] [INFO] MongoDB: Connected with MongoDB Database Engine
[2024-06-29 19:26:14] [INFO] Redis: Connected with Redis Database Engine
[2024-06-29 19:26:14] [INFO] Sync: Synced 5 users
[2024-06-29 19:26:32] [INFO] Server: Server started on port 5000
[2024-06-29 19:26:32] [INFO] MongoDB: Connected with MongoDB Database Engine
[2024-06-29 19:26:32] [INFO] Redis: Connected with Redis Database Engine
[2024-06-29 19:26:33] [INFO] Sync: Synced 5 users
[2024-06-29 19:26:57] [INFO] Server: Server started on port 5000
[2024-06-29 19:26:57] [INFO] MongoDB: Connected with MongoDB Database Engine
[2024-06-29 19:26:57] [INFO] Redis: Connected with Redis Database Engine
[2024-06-29 19:26:57] [INFO] Sync: Synced 5 users
[2024-06-29 19:28:40] [INFO] Server: Server started on port 5000
[2024-06-29 19:28:40] [INFO] MongoDB: Connected with MongoDB Database Engine
[2024-06-29 19:28:41] [INFO] Redis: Connected with Redis Database Engine
[2024-06-29 19:28:41] [INFO] Sync: Synced 5 users
[2024-06-29 19:29:11] [INFO] Server: Server started on port 5000
[2024-06-29 19:29:11] [INFO] MongoDB: Connected with MongoDB Database Engine
[2024-06-29 19:29:11] [INFO] Redis: Connected with Redis Database Engine
[2024-06-29 19:29:11] [INFO] Sync: Synced 5 users
[2024-06-29 19:29:21] [INFO] Server: Server started on port 5000
[2024-06-29 19:29:21] [INFO] MongoDB: Connected with MongoDB Database Engine
[2024-06-29 19:29:21] [INFO] Redis: Connected with Redis Database Engine
[2024-06-29 19:29:21] [INFO] Sync: Synced 5 users
[2024-06-29 19:29:58] [INFO] Server: Server started on port 5000
[2024-06-29 19:29:58] [INFO] MongoDB: Connected with MongoDB Database Engine
[2024-06-29 19:29:58] [INFO] Redis: Connected with Redis Database Engine
[2024-06-29 19:29:58] [INFO] Sync: Synced 5 users
[2024-06-29 19:30:35] [INFO] Server: Server started on port 5000
[2024-06-29 19:30:35] [INFO] MongoDB: Connected with MongoDB Database Engine
[2024-06-29 19:30:35] [INFO] Redis: Connected with Redis Database Engine
[2024-06-29 19:30:35] [INFO] Sync: Synced 5 users
[2024-06-29 19:31:19] [INFO] Server: Server started on port 5000
[2024-06-29 19:31:19] [INFO] MongoDB: Connected with MongoDB Database Engine
[2024-06-29 19:31:19] [INFO] Redis: Connected with Redis Database Engine
[2024-06-29 19:31:19] [INFO] Sync: Synced 5 users
[2024-06-29 19:31:39] [INFO] Server: Server started on port 5000
[2024-06-29 19:31:39] [INFO] MongoDB: Connected with MongoDB Database Engine
[2024-06-29 19:31:39] [INFO] Redis: Connected with Redis Database Engine
[2024-06-29 19:31:39] [INFO] Sync: Synced 5 users
[2024-06-29 19:31:50] [INFO] Server: Server started on port 5000
[2024-06-29 19:31:50] [INFO] MongoDB: Connected with MongoDB Database Engine
[2024-06-29 19:31:50] [INFO] Redis: Connected with Redis Database Engine
[2024-06-29 19:31:50] [INFO] Sync: Synced 5 users
[2024-06-29 19:32:06] [INFO] Master worker: Job 1496 completed with result undefined
[2024-06-29 19:33:25] [INFO] Server: Server started on port 5000
[2024-06-29 19:33:25] [INFO] MongoDB: Connected with MongoDB Database Engine
[2024-06-29 19:33:25] [INFO] Redis: Connected with Redis Database Engine
[2024-06-29 19:33:25] [INFO] Sync: Synced 6 users
[2024-06-29 19:38:49] [INFO] Server: Server started on port 5000
[2024-06-29 19:38:49] [INFO] MongoDB: Connected with MongoDB Database Engine
[2024-06-29 19:38:50] [INFO] Redis: Connected with Redis Database Engine
[2024-06-29 19:38:50] [INFO] Sync: Synced 6 users
[2024-06-29 19:39:33] [INFO] Server: Server started on port 5000
[2024-06-29 19:39:33] [INFO] MongoDB: Connected with MongoDB Database Engine
[2024-06-29 19:39:33] [INFO] Redis: Connected with Redis Database Engine
[2024-06-29 19:39:33] [INFO] Sync: Synced 6 users
[2024-06-29 19:40:10] [INFO] Server: Server started on port 5000
[2024-06-29 19:40:10] [INFO] MongoDB: Connected with MongoDB Database Engine
[2024-06-29 19:40:11] [INFO] Redis: Connected with Redis Database Engine
[2024-06-29 19:40:11] [INFO] Sync: Synced 6 users
[2024-06-29 19:40:25] [INFO] Server: Server started on port 5000
[2024-06-29 19:40:25] [INFO] MongoDB: Connected with MongoDB Database Engine
[2024-06-29 19:40:25] [INFO] Redis: Connected with Redis Database Engine
[2024-06-29 19:40:25] [INFO] Sync: Synced 6 users
[2024-06-29 19:40:34] [INFO] Server: Server started on port 5000
[2024-06-29 19:40:34] [INFO] MongoDB: Connected with MongoDB Database Engine
[2024-06-29 19:40:34] [INFO] Redis: Connected with Redis Database Engine
[2024-06-29 19:40:34] [INFO] Sync: Synced 6 users
[2024-06-29 19:40:53] [INFO] Server: Server started on port 5000
[2024-06-29 19:40:53] [INFO] MongoDB: Connected with MongoDB Database Engine
[2024-06-29 19:40:54] [INFO] Redis: Connected with Redis Database Engine
[2024-06-29 19:40:54] [INFO] Sync: Synced 6 users
[2024-06-29 19:41:36] [INFO] Server: Server started on port 5000
[2024-06-29 19:41:37] [INFO] MongoDB: Connected with MongoDB Database Engine
[2024-06-29 19:41:37] [INFO] Redis: Connected with Redis Database Engine
[2024-06-29 19:41:37] [INFO] Sync: Synced 6 users
[2024-06-29 19:42:04] [INFO] Server: Server started on port 5000
[2024-06-29 19:42:04] [INFO] MongoDB: Connected with MongoDB Database Engine
[2024-06-29 19:42:04] [INFO] Redis: Connected with Redis Database Engine
[2024-06-29 19:42:04] [INFO] Sync: Synced 6 users
[2024-06-29 19:42:45] [INFO] Server: Server started on port 5000
[2024-06-29 19:42:45] [INFO] MongoDB: Connected with MongoDB Database Engine
[2024-06-29 19:42:45] [INFO] Redis: Connected with Redis Database Engine
[2024-06-29 19:42:45] [INFO] Sync: Synced 6 users
[2024-06-29 19:43:05] [INFO] Server: Server started on port 5000
[2024-06-29 19:43:05] [INFO] MongoDB: Connected with MongoDB Database Engine
[2024-06-29 19:43:05] [INFO] Redis: Connected with Redis Database Engine
[2024-06-29 19:43:06] [INFO] Sync: Synced 6 users
[2024-06-29 19:43:29] [INFO] Server: Server started on port 5000
[2024-06-29 19:43:29] [INFO] MongoDB: Connected with MongoDB Database Engine
[2024-06-29 19:43:29] [INFO] Redis: Connected with Redis Database Engine
[2024-06-29 19:43:29] [INFO] Sync: Synced 6 users
[2024-06-29 19:44:14] [INFO] Server: Server started on port 5000
[2024-06-29 19:44:14] [INFO] MongoDB: Connected with MongoDB Database Engine
[2024-06-29 19:44:14] [INFO] Redis: Connected with Redis Database Engine
[2024-06-29 19:44:14] [INFO] Sync: Synced 6 users
[2024-06-29 19:44:37] [INFO] Server: Server started on port 5000
[2024-06-29 19:44:37] [INFO] MongoDB: Connected with MongoDB Database Engine
[2024-06-29 19:44:37] [INFO] Redis: Connected with Redis Database Engine
[2024-06-29 19:44:37] [INFO] Sync: Synced 6 users
[2024-06-29 19:46:24] [INFO] Server: Server started on port 5000
[2024-06-29 19:46:24] [INFO] MongoDB: Connected with MongoDB Database Engine
[2024-06-29 19:46:24] [INFO] Redis: Connected with Redis Database Engine
[2024-06-29 19:46:24] [INFO] Sync: Synced 6 users
[2024-06-29 20:14:08] [INFO] Server: Server started on port 5000
[2024-06-29 20:14:08] [INFO] MongoDB: Connected with MongoDB Database Engine
[2024-06-29 20:14:08] [INFO] Redis: Connected with Redis Database Engine
[2024-06-29 20:14:08] [INFO] Sync: Synced 6 users
[2024-06-29 20:16:21] [INFO] Server: Server started on port 5000
[2024-06-29 20:16:21] [INFO] MongoDB: Connected with MongoDB Database Engine
[2024-06-29 20:16:21] [INFO] Redis: Connected with Redis Database Engine
[2024-06-29 20:16:21] [INFO] Sync: Synced 6 users
[2024-06-29 20:17:42] [INFO] Server: Server started on port 5000
[2024-06-29 20:17:42] [INFO] MongoDB: Connected with MongoDB Database Engine
[2024-06-29 20:17:42] [INFO] Redis: Connected with Redis Database Engine
[2024-06-29 20:17:42] [INFO] Sync: Synced 6 users
[2024-06-29 20:17:53] [ERROR] Store: Error on creating store ValidationError: createdBy: Path `createdBy` is required.
[2024-06-29 20:18:44] [INFO] Server: Server started on port 5000
[2024-06-29 20:18:44] [INFO] MongoDB: Connected with MongoDB Database Engine
[2024-06-29 20:18:44] [INFO] Redis: Connected with Redis Database Engine
[2024-06-29 20:18:44] [INFO] Sync: Synced 6 users
[2024-06-29 20:18:56] [INFO] Server: Server started on port 5000
[2024-06-29 20:18:56] [INFO] MongoDB: Connected with MongoDB Database Engine
[2024-06-29 20:18:57] [INFO] Redis: Connected with Redis Database Engine
[2024-06-29 20:18:57] [INFO] Sync: Synced 6 users
[2024-06-29 20:19:04] [INFO] Server: Server started on port 5000
[2024-06-29 20:19:04] [INFO] MongoDB: Connected with MongoDB Database Engine
[2024-06-29 20:19:04] [INFO] Redis: Connected with Redis Database Engine
[2024-06-29 20:19:04] [INFO] Sync: Synced 6 users
[2024-06-29 20:19:19] [INFO] Server: Server started on port 5000
[2024-06-29 20:19:19] [INFO] MongoDB: Connected with MongoDB Database Engine
[2024-06-29 20:19:19] [INFO] Redis: Connected with Redis Database Engine
[2024-06-29 20:19:19] [INFO] Sync: Synced 6 users
[2024-06-29 20:20:49] [INFO] Server: Server started on port 5000
[2024-06-29 20:20:49] [INFO] MongoDB: Connected with MongoDB Database Engine
[2024-06-29 20:20:49] [INFO] Redis: Connected with Redis Database Engine
[2024-06-29 20:20:49] [INFO] Sync: Synced 2 users
[2024-06-29 20:21:24] [INFO] Server: Server started on port 5000
[2024-06-29 20:21:24] [INFO] MongoDB: Connected with MongoDB Database Engine
[2024-06-29 20:21:24] [INFO] Redis: Connected with Redis Database Engine
[2024-06-29 20:21:24] [INFO] Sync: Synced 2 users
[2024-06-29 20:21:58] [INFO] Server: Server started on port 5000
[2024-06-29 20:21:58] [INFO] MongoDB: Connected with MongoDB Database Engine
[2024-06-29 20:21:58] [INFO] Redis: Connected with Redis Database Engine
[2024-06-29 20:21:59] [INFO] Sync: Synced 2 users
[2024-06-29 20:24:47] [INFO] Server: Server started on port 5000
[2024-06-29 20:24:47] [INFO] MongoDB: Connected with MongoDB Database Engine
[2024-06-29 20:24:47] [INFO] Redis: Connected with Redis Database Engine
[2024-06-29 20:24:47] [INFO] Sync: Synced 2 users
[2024-06-29 20:29:53] [INFO] Server: Server started on port 5000
[2024-06-29 20:29:53] [INFO] MongoDB: Connected with MongoDB Database Engine
[2024-06-29 20:29:53] [INFO] Redis: Connected with Redis Database Engine
[2024-06-29 20:29:53] [INFO] Sync: Synced 2 users
[2024-06-29 20:30:11] [INFO] Server: Server started on port 5000
[2024-06-29 20:30:11] [INFO] MongoDB: Connected with MongoDB Database Engine
[2024-06-29 20:30:11] [INFO] Redis: Connected with Redis Database Engine
[2024-06-29 20:30:11] [INFO] Sync: Synced 2 users
[2024-06-29 20:30:23] [INFO] Server: Server started on port 5000
[2024-06-29 20:30:23] [INFO] MongoDB: Connected with MongoDB Database Engine
[2024-06-29 20:30:23] [INFO] Redis: Connected with Redis Database Engine
[2024-06-29 20:30:23] [INFO] Sync: Synced 2 users
[2024-06-29 20:37:41] [INFO] Server: Server started on port 5000
[2024-06-29 20:37:41] [INFO] MongoDB: Connected with MongoDB Database Engine
[2024-06-29 20:37:41] [INFO] Redis: Connected with Redis Database Engine
[2024-06-29 20:37:41] [INFO] Sync: Synced 2 users
[2024-06-29 20:41:43] [INFO] Server: Server started on port 5000
[2024-06-29 20:41:43] [INFO] MongoDB: Connected with MongoDB Database Engine
[2024-06-29 20:41:43] [INFO] Redis: Connected with Redis Database Engine
[2024-06-29 20:41:43] [INFO] Sync: Synced 2 users
[2024-06-29 20:42:04] [INFO] Server: Server started on port 5000
[2024-06-29 20:42:04] [INFO] MongoDB: Connected with MongoDB Database Engine
[2024-06-29 20:42:04] [INFO] Redis: Connected with Redis Database Engine
[2024-06-29 20:42:04] [INFO] Sync: Synced 2 users
[2024-06-29 20:42:14] [INFO] Server: Server started on port 5000
[2024-06-29 20:42:14] [INFO] MongoDB: Connected with MongoDB Database Engine
[2024-06-29 20:42:15] [INFO] Redis: Connected with Redis Database Engine
[2024-06-29 20:42:15] [INFO] Sync: Synced 2 users
[2024-06-29 20:43:35] [INFO] Server: Server started on port 5000
[2024-06-29 20:43:35] [INFO] MongoDB: Connected with MongoDB Database Engine
[2024-06-29 20:43:35] [INFO] Redis: Connected with Redis Database Engine
[2024-06-29 20:43:35] [INFO] Sync: Synced 2 users
[2024-06-29 20:43:45] [INFO] Server: Server started on port 5000
[2024-06-29 20:43:45] [INFO] MongoDB: Connected with MongoDB Database Engine
[2024-06-29 20:43:45] [INFO] Redis: Connected with Redis Database Engine
[2024-06-29 20:43:45] [INFO] Sync: Synced 2 users
[2024-06-29 20:45:17] [INFO] Server: Server started on port 5000
[2024-06-29 20:45:17] [INFO] MongoDB: Connected with MongoDB Database Engine
[2024-06-29 20:45:17] [INFO] Redis: Connected with Redis Database Engine
[2024-06-29 20:45:17] [INFO] Sync: Synced 2 users
[2024-06-29 20:46:12] [INFO] Server: Server started on port 5000
[2024-06-29 20:46:12] [INFO] MongoDB: Connected with MongoDB Database Engine
[2024-06-29 20:46:12] [INFO] Redis: Connected with Redis Database Engine
[2024-06-29 20:46:12] [INFO] Sync: Synced 2 users
[2024-06-29 20:46:26] [INFO] Server: Server started on port 5000
[2024-06-29 20:46:26] [INFO] MongoDB: Connected with MongoDB Database Engine
[2024-06-29 20:46:26] [INFO] Redis: Connected with Redis Database Engine
[2024-06-29 20:46:26] [INFO] Sync: Synced 2 users
[2024-06-29 21:46:57] [INFO] Master worker: Job 1497 completed with result undefined
[2024-06-29 21:48:14] [INFO] Server: Server started on port 5000
[2024-06-29 21:48:14] [INFO] MongoDB: Connected with MongoDB Database Engine
[2024-06-29 21:48:15] [INFO] Redis: Connected with Redis Database Engine
[2024-06-29 21:48:15] [INFO] Sync: Synced 3 users
[2024-06-29 21:48:43] [INFO] Server: Server started on port 5000
[2024-06-29 21:48:43] [INFO] MongoDB: Connected with MongoDB Database Engine
[2024-06-29 21:48:43] [INFO] Redis: Connected with Redis Database Engine
[2024-06-29 21:48:43] [INFO] Sync: Synced 3 users
[2024-06-29 21:48:50] [INFO] Server: Server started on port 5000
[2024-06-29 21:48:50] [INFO] MongoDB: Connected with MongoDB Database Engine
[2024-06-29 21:48:50] [INFO] Redis: Connected with Redis Database Engine
[2024-06-29 21:48:50] [INFO] Sync: Synced 3 users
[2024-06-29 21:49:06] [INFO] Server: Server started on port 5000
[2024-06-29 21:49:06] [INFO] MongoDB: Connected with MongoDB Database Engine
[2024-06-29 21:49:06] [INFO] Redis: Connected with Redis Database Engine
[2024-06-29 21:49:06] [INFO] Sync: Synced 3 users
[2024-06-29 21:49:53] [INFO] Server: Server started on port 5000
[2024-06-29 21:49:53] [INFO] MongoDB: Connected with MongoDB Database Engine
[2024-06-29 21:49:53] [INFO] Redis: Connected with Redis Database Engine
[2024-06-29 21:49:53] [INFO] Sync: Synced 3 users
[2024-06-29 21:50:32] [INFO] Server: Server started on port 5000
[2024-06-29 21:50:32] [INFO] MongoDB: Connected with MongoDB Database Engine
[2024-06-29 21:50:32] [INFO] Redis: Connected with Redis Database Engine
[2024-06-29 21:50:32] [INFO] Sync: Synced 3 users
[2024-06-29 21:50:40] [INFO] Server: Server started on port 5000
[2024-06-29 21:50:40] [INFO] MongoDB: Connected with MongoDB Database Engine
[2024-06-29 21:50:41] [INFO] Redis: Connected with Redis Database Engine
[2024-06-29 21:50:41] [INFO] Sync: Synced 3 users
[2024-06-29 21:51:09] [INFO] Server: Server started on port 5000
[2024-06-29 21:51:09] [INFO] MongoDB: Connected with MongoDB Database Engine
[2024-06-29 21:51:09] [INFO] Redis: Connected with Redis Database Engine
[2024-06-29 21:51:09] [INFO] Sync: Synced 3 users
[2024-06-29 21:51:16] [INFO] Server: Server started on port 5000
[2024-06-29 21:51:16] [INFO] MongoDB: Connected with MongoDB Database Engine
[2024-06-29 21:51:16] [INFO] Redis: Connected with Redis Database Engine
[2024-06-29 21:51:16] [INFO] Sync: Synced 3 users
[2024-06-29 21:51:51] [INFO] Server: Server started on port 5000
[2024-06-29 21:51:51] [INFO] MongoDB: Connected with MongoDB Database Engine
[2024-06-29 21:51:51] [INFO] Redis: Connected with Redis Database Engine
[2024-06-29 21:51:51] [INFO] Sync: Synced 3 users
[2024-06-29 21:52:02] [INFO] Server: Server started on port 5000
[2024-06-29 21:52:02] [INFO] MongoDB: Connected with MongoDB Database Engine
[2024-06-29 21:52:02] [INFO] Redis: Connected with Redis Database Engine
[2024-06-29 21:52:02] [INFO] Sync: Synced 3 users
[2024-06-29 21:52:25] [INFO] Server: Server started on port 5000
[2024-06-29 21:52:25] [INFO] MongoDB: Connected with MongoDB Database Engine
[2024-06-29 21:52:25] [INFO] Redis: Connected with Redis Database Engine
[2024-06-29 21:52:25] [INFO] Sync: Synced 3 users
[2024-06-29 21:52:53] [INFO] Server: Server started on port 5000
[2024-06-29 21:52:53] [INFO] MongoDB: Connected with MongoDB Database Engine
[2024-06-29 21:52:53] [INFO] Redis: Connected with Redis Database Engine
[2024-06-29 21:52:53] [INFO] Sync: Synced 3 users
[2024-06-29 21:53:48] [INFO] Server: Server started on port 5000
[2024-06-29 21:53:48] [INFO] MongoDB: Connected with MongoDB Database Engine
[2024-06-29 21:53:48] [INFO] Redis: Connected with Redis Database Engine
[2024-06-29 21:53:48] [INFO] Sync: Synced 3 users
[2024-06-29 21:54:22] [INFO] Server: Server started on port 5000
[2024-06-29 21:54:22] [INFO] MongoDB: Connected with MongoDB Database Engine
[2024-06-29 21:54:23] [INFO] Redis: Connected with Redis Database Engine
[2024-06-29 21:54:23] [INFO] Sync: Synced 3 users
[2024-06-29 21:54:35] [INFO] Server: Server started on port 5000
[2024-06-29 21:54:35] [INFO] MongoDB: Connected with MongoDB Database Engine
[2024-06-29 21:54:35] [INFO] Redis: Connected with Redis Database Engine
[2024-06-29 21:54:35] [INFO] Sync: Synced 3 users
[2024-06-29 21:54:52] [INFO] Server: Server started on port 5000
[2024-06-29 21:54:52] [INFO] MongoDB: Connected with MongoDB Database Engine
[2024-06-29 21:54:53] [INFO] Redis: Connected with Redis Database Engine
[2024-06-29 21:54:53] [INFO] Sync: Synced 3 users
[2024-06-29 21:55:14] [INFO] Server: Server started on port 5000
[2024-06-29 21:55:14] [INFO] MongoDB: Connected with MongoDB Database Engine
[2024-06-29 21:55:15] [INFO] Redis: Connected with Redis Database Engine
[2024-06-29 21:55:15] [INFO] Sync: Synced 3 users
[2024-06-29 21:56:19] [INFO] Server: Server started on port 5000
[2024-06-29 21:56:19] [INFO] MongoDB: Connected with MongoDB Database Engine
[2024-06-29 21:56:20] [INFO] Redis: Connected with Redis Database Engine
[2024-06-29 21:56:20] [INFO] Sync: Synced 3 users
[2024-06-29 23:37:13] [INFO] Server: Server started on port 5000
[2024-06-29 23:37:13] [INFO] MongoDB: Connected with MongoDB Database Engine
[2024-06-29 23:37:13] [INFO] Redis: Connected with Redis Database Engine
[2024-06-29 23:37:13] [INFO] Sync: Synced 3 users
[2024-06-30 00:29:46] [INFO] Server: Server started on port 5000
[2024-06-30 00:29:46] [INFO] MongoDB: Connected with MongoDB Database Engine
[2024-06-30 00:29:46] [INFO] Redis: Connected with Redis Database Engine
[2024-06-30 00:29:46] [INFO] Sync: Synced 3 users
[2024-06-30 00:30:22] [INFO] Server: Server started on port 5000
[2024-06-30 00:30:22] [INFO] MongoDB: Connected with MongoDB Database Engine
[2024-06-30 00:30:22] [INFO] Redis: Connected with Redis Database Engine
[2024-06-30 00:30:22] [INFO] Sync: Synced 3 users
[2024-06-30 00:30:51] [INFO] Server: Server started on port 5000
[2024-06-30 00:30:51] [INFO] MongoDB: Connected with MongoDB Database Engine
[2024-06-30 00:30:51] [INFO] Redis: Connected with Redis Database Engine
[2024-06-30 00:30:51] [INFO] Sync: Synced 3 users
[2024-06-30 00:31:02] [INFO] Server: Server started on port 5000
[2024-06-30 00:31:02] [INFO] MongoDB: Connected with MongoDB Database Engine
[2024-06-30 00:31:02] [INFO] Redis: Connected with Redis Database Engine
[2024-06-30 00:31:02] [INFO] Sync: Synced 3 users
[2024-06-30 00:31:17] [INFO] Server: Server started on port 5000
[2024-06-30 00:31:17] [INFO] MongoDB: Connected with MongoDB Database Engine
[2024-06-30 00:31:17] [INFO] Redis: Connected with Redis Database Engine
[2024-06-30 00:31:17] [INFO] Sync: Synced 3 users
[2024-06-30 00:31:51] [INFO] Server: Server started on port 5000
[2024-06-30 00:31:51] [INFO] MongoDB: Connected with MongoDB Database Engine
[2024-06-30 00:31:51] [INFO] Redis: Connected with Redis Database Engine
[2024-06-30 00:31:51] [INFO] Sync: Synced 3 users
[2024-06-30 00:32:33] [INFO] Server: Server started on port 5000
[2024-06-30 00:32:33] [INFO] MongoDB: Connected with MongoDB Database Engine
[2024-06-30 00:32:33] [INFO] Redis: Connected with Redis Database Engine
[2024-06-30 00:32:33] [INFO] Sync: Synced 3 users
[2024-06-30 00:32:43] [INFO] Server: Server started on port 5000
[2024-06-30 00:32:43] [INFO] MongoDB: Connected with MongoDB Database Engine
[2024-06-30 00:32:43] [INFO] Redis: Connected with Redis Database Engine
[2024-06-30 00:32:43] [INFO] Sync: Synced 3 users
[2024-06-30 00:33:08] [INFO] Server: Server started on port 5000
[2024-06-30 00:33:08] [INFO] MongoDB: Connected with MongoDB Database Engine
[2024-06-30 00:33:08] [INFO] Redis: Connected with Redis Database Engine
[2024-06-30 00:33:08] [INFO] Sync: Synced 3 users
[2024-06-30 00:33:16] [INFO] Server: Server started on port 5000
[2024-06-30 00:33:16] [INFO] MongoDB: Connected with MongoDB Database Engine
[2024-06-30 00:33:16] [INFO] Redis: Connected with Redis Database Engine
[2024-06-30 00:33:16] [INFO] Sync: Synced 3 users
[2024-06-30 00:33:35] [INFO] Server: Server started on port 5000
[2024-06-30 00:33:35] [INFO] MongoDB: Connected with MongoDB Database Engine
[2024-06-30 00:33:35] [INFO] Redis: Connected with Redis Database Engine
[2024-06-30 00:33:35] [INFO] Sync: Synced 3 users
[2024-06-30 00:33:46] [INFO] Server: Server started on port 5000
[2024-06-30 00:33:46] [INFO] MongoDB: Connected with MongoDB Database Engine
[2024-06-30 00:33:46] [INFO] Redis: Connected with Redis Database Engine
[2024-06-30 00:33:46] [INFO] Sync: Synced 3 users
[2024-06-30 00:33:57] [INFO] Server: Server started on port 5000
[2024-06-30 00:33:57] [INFO] MongoDB: Connected with MongoDB Database Engine
[2024-06-30 00:33:58] [INFO] Redis: Connected with Redis Database Engine
[2024-06-30 00:33:58] [INFO] Sync: Synced 3 users
[2024-06-30 00:34:07] [INFO] Server: Server started on port 5000
[2024-06-30 00:34:07] [INFO] MongoDB: Connected with MongoDB Database Engine
[2024-06-30 00:34:07] [INFO] Redis: Connected with Redis Database Engine
[2024-06-30 00:34:07] [INFO] Sync: Synced 3 users
[2024-06-30 00:34:20] [INFO] Server: Server started on port 5000
[2024-06-30 00:34:20] [INFO] MongoDB: Connected with MongoDB Database Engine
[2024-06-30 00:34:20] [INFO] Redis: Connected with Redis Database Engine
[2024-06-30 00:34:20] [INFO] Sync: Synced 3 users
[2024-06-30 00:35:10] [INFO] Server: Server started on port 5000
[2024-06-30 00:35:10] [INFO] MongoDB: Connected with MongoDB Database Engine
[2024-06-30 00:35:10] [INFO] Redis: Connected with Redis Database Engine
[2024-06-30 00:35:10] [INFO] Sync: Synced 3 users
[2024-06-30 00:36:38] [INFO] Server: Server started on port 5000
[2024-06-30 00:36:38] [INFO] MongoDB: Connected with MongoDB Database Engine
[2024-06-30 00:36:38] [INFO] Redis: Connected with Redis Database Engine
[2024-06-30 00:36:38] [INFO] Sync: Synced 3 users
[2024-06-30 00:36:58] [INFO] Server: Server started on port 5000
[2024-06-30 00:36:58] [INFO] MongoDB: Connected with MongoDB Database Engine
[2024-06-30 00:36:59] [INFO] Redis: Connected with Redis Database Engine
[2024-06-30 00:36:59] [INFO] Sync: Synced 3 users
[2024-06-30 00:37:51] [INFO] Server: Server started on port 5000
[2024-06-30 00:37:51] [INFO] MongoDB: Connected with MongoDB Database Engine
[2024-06-30 00:37:51] [INFO] Redis: Connected with Redis Database Engine
[2024-06-30 00:37:51] [INFO] Sync: Synced 3 users
[2024-06-30 00:37:59] [INFO] Server: Server started on port 5000
[2024-06-30 00:37:59] [INFO] MongoDB: Connected with MongoDB Database Engine
[2024-06-30 00:37:59] [INFO] Redis: Connected with Redis Database Engine
[2024-06-30 00:37:59] [INFO] Sync: Synced 3 users
[2024-06-30 00:38:40] [INFO] Server: Server started on port 5000
[2024-06-30 00:38:40] [INFO] MongoDB: Connected with MongoDB Database Engine
[2024-06-30 00:38:41] [INFO] Redis: Connected with Redis Database Engine
[2024-06-30 00:38:41] [INFO] Sync: Synced 3 users
[2024-06-30 00:39:12] [INFO] Server: Server started on port 5000
[2024-06-30 00:39:12] [INFO] MongoDB: Connected with MongoDB Database Engine
[2024-06-30 00:39:12] [INFO] Redis: Connected with Redis Database Engine
[2024-06-30 00:39:12] [INFO] Sync: Synced 3 users
[2024-06-30 00:39:33] [INFO] Server: Server started on port 5000
[2024-06-30 00:39:33] [INFO] MongoDB: Connected with MongoDB Database Engine
[2024-06-30 00:39:34] [INFO] Redis: Connected with Redis Database Engine
[2024-06-30 00:39:34] [INFO] Sync: Synced 3 users
[2024-06-30 00:39:46] [INFO] Server: Server started on port 5000
[2024-06-30 00:39:46] [INFO] MongoDB: Connected with MongoDB Database Engine
[2024-06-30 00:39:46] [INFO] Redis: Connected with Redis Database Engine
[2024-06-30 00:39:46] [INFO] Sync: Synced 3 users
[2024-06-30 00:40:35] [INFO] Server: Server started on port 5000
[2024-06-30 00:40:35] [INFO] MongoDB: Connected with MongoDB Database Engine
[2024-06-30 00:40:36] [INFO] Redis: Connected with Redis Database Engine
[2024-06-30 00:40:36] [INFO] Sync: Synced 3 users
[2024-06-30 00:48:24] [INFO] Server: Server started on port 5000
[2024-06-30 00:48:24] [INFO] MongoDB: Connected with MongoDB Database Engine
[2024-06-30 00:48:25] [INFO] Redis: Connected with Redis Database Engine
[2024-06-30 00:48:25] [INFO] Sync: Synced 3 users
[2024-06-30 00:57:07] [INFO] Server: Server started on port 5000
[2024-06-30 00:57:07] [INFO] MongoDB: Connected with MongoDB Database Engine
[2024-06-30 00:57:07] [INFO] Redis: Connected with Redis Database Engine
[2024-06-30 00:57:07] [INFO] Sync: Synced 3 users
[2024-06-30 01:03:14] [INFO] Server: Server started on port 5000
[2024-06-30 01:03:14] [INFO] MongoDB: Connected with MongoDB Database Engine
[2024-06-30 01:03:14] [INFO] Redis: Connected with Redis Database Engine
[2024-06-30 01:03:14] [INFO] Sync: Synced 3 users
[2024-06-30 01:03:34] [INFO] Server: Server started on port 5000
[2024-06-30 01:03:34] [INFO] MongoDB: Connected with MongoDB Database Engine
[2024-06-30 01:03:34] [INFO] Redis: Connected with Redis Database Engine
[2024-06-30 01:03:34] [INFO] Sync: Synced 3 users
[2024-06-30 01:03:43] [INFO] Server: Server started on port 5000
[2024-06-30 01:03:43] [INFO] MongoDB: Connected with MongoDB Database Engine
[2024-06-30 01:03:43] [INFO] Redis: Connected with Redis Database Engine
[2024-06-30 01:03:43] [INFO] Sync: Synced 3 users
[2024-06-30 01:04:35] [INFO] Server: Server started on port 5000
[2024-06-30 01:04:35] [INFO] MongoDB: Connected with MongoDB Database Engine
[2024-06-30 01:04:35] [INFO] Redis: Connected with Redis Database Engine
[2024-06-30 01:04:35] [INFO] Sync: Synced 3 users
[2024-06-30 01:04:44] [INFO] Server: Server started on port 5000
[2024-06-30 01:04:44] [INFO] MongoDB: Connected with MongoDB Database Engine
[2024-06-30 01:04:44] [INFO] Redis: Connected with Redis Database Engine
[2024-06-30 01:04:44] [INFO] Sync: Synced 3 users
[2024-06-30 01:05:34] [INFO] Server: Server started on port 5000
[2024-06-30 01:05:34] [INFO] MongoDB: Connected with MongoDB Database Engine
[2024-06-30 01:05:34] [INFO] Redis: Connected with Redis Database Engine
[2024-06-30 01:05:34] [INFO] Sync: Synced 3 users
[2024-06-30 01:06:18] [INFO] Server: Server started on port 5000
[2024-06-30 01:06:18] [INFO] MongoDB: Connected with MongoDB Database Engine
[2024-06-30 01:06:18] [INFO] Redis: Connected with Redis Database Engine
[2024-06-30 01:06:18] [INFO] Sync: Synced 3 users
[2024-06-30 01:06:30] [INFO] Server: Server started on port 5000
[2024-06-30 01:06:30] [INFO] MongoDB: Connected with MongoDB Database Engine
[2024-06-30 01:06:30] [INFO] Redis: Connected with Redis Database Engine
[2024-06-30 01:06:30] [INFO] Sync: Synced 3 users
[2024-06-30 01:13:37] [INFO] Server: Server started on port 5000
[2024-06-30 01:13:37] [INFO] MongoDB: Connected with MongoDB Database Engine
[2024-06-30 01:13:38] [INFO] Redis: Connected with Redis Database Engine
[2024-06-30 01:13:38] [INFO] Sync: Synced 3 users
[2024-06-30 01:13:51] [INFO] Server: Server started on port 5000
[2024-06-30 01:13:51] [INFO] MongoDB: Connected with MongoDB Database Engine
[2024-06-30 01:13:52] [INFO] Redis: Connected with Redis Database Engine
[2024-06-30 01:13:52] [INFO] Sync: Synced 3 users
[2024-06-30 01:14:00] [INFO] Server: Server started on port 5000
[2024-06-30 01:14:00] [INFO] MongoDB: Connected with MongoDB Database Engine
[2024-06-30 01:14:00] [INFO] Redis: Connected with Redis Database Engine
[2024-06-30 01:14:00] [INFO] Sync: Synced 3 users
[2024-06-30 01:14:00] [ERROR] Supplier: Error on pre-deleting supplier MongooseError: Model.findByIdAndUpdate() no longer accepts a callback
[2024-06-30 01:14:27] [INFO] Server: Server started on port 5000
[2024-06-30 01:14:27] [INFO] MongoDB: Connected with MongoDB Database Engine
[2024-06-30 01:14:27] [INFO] Redis: Connected with Redis Database Engine
[2024-06-30 01:14:27] [INFO] Sync: Synced 3 users
[2024-06-30 01:16:56] [INFO] Server: Server started on port 5000
[2024-06-30 01:16:56] [INFO] MongoDB: Connected with MongoDB Database Engine
[2024-06-30 01:16:56] [INFO] Redis: Connected with Redis Database Engine
[2024-06-30 01:16:56] [INFO] Sync: Synced 3 users
[2024-06-30 01:17:23] [INFO] Server: Server started on port 5000
[2024-06-30 01:17:23] [INFO] MongoDB: Connected with MongoDB Database Engine
[2024-06-30 01:17:23] [INFO] Redis: Connected with Redis Database Engine
[2024-06-30 01:17:23] [INFO] Sync: Synced 3 users
[2024-06-30 01:18:09] [INFO] Server: Server started on port 5000
[2024-06-30 01:18:09] [INFO] MongoDB: Connected with MongoDB Database Engine
[2024-06-30 01:18:09] [INFO] Redis: Connected with Redis Database Engine
[2024-06-30 01:18:09] [INFO] Sync: Synced 3 users
[2024-06-30 01:22:43] [INFO] Server: Server started on port 5000
[2024-06-30 01:22:43] [INFO] MongoDB: Connected with MongoDB Database Engine
[2024-06-30 01:22:43] [INFO] Redis: Connected with Redis Database Engine
[2024-06-30 01:22:43] [INFO] Sync: Synced 3 users
[2024-06-30 01:22:54] [INFO] Server: Server started on port 5000
[2024-06-30 01:22:54] [INFO] MongoDB: Connected with MongoDB Database Engine
[2024-06-30 01:22:54] [INFO] Redis: Connected with Redis Database Engine
[2024-06-30 01:22:54] [INFO] Sync: Synced 3 users
[2024-06-30 01:23:20] [INFO] Server: Server started on port 5000
[2024-06-30 01:23:20] [INFO] MongoDB: Connected with MongoDB Database Engine
[2024-06-30 01:23:21] [INFO] Redis: Connected with Redis Database Engine
[2024-06-30 01:23:21] [INFO] Sync: Synced 3 users
[2024-06-30 01:23:32] [INFO] Server: Server started on port 5000
[2024-06-30 01:23:32] [INFO] MongoDB: Connected with MongoDB Database Engine
[2024-06-30 01:23:32] [INFO] Redis: Connected with Redis Database Engine
[2024-06-30 01:23:32] [INFO] Sync: Synced 3 users
[2024-06-30 01:23:46] [INFO] Server: Server started on port 5000
[2024-06-30 01:23:46] [INFO] MongoDB: Connected with MongoDB Database Engine
[2024-06-30 01:23:47] [INFO] Redis: Connected with Redis Database Engine
[2024-06-30 01:23:47] [INFO] Sync: Synced 3 users
[2024-06-30 01:23:55] [INFO] Server: Server started on port 5000
[2024-06-30 01:23:55] [INFO] MongoDB: Connected with MongoDB Database Engine
[2024-06-30 01:23:55] [INFO] Redis: Connected with Redis Database Engine
[2024-06-30 01:23:55] [INFO] Sync: Synced 3 users
[2024-06-30 01:24:09] [INFO] Server: Server started on port 5000
[2024-06-30 01:24:09] [INFO] MongoDB: Connected with MongoDB Database Engine
[2024-06-30 01:24:10] [INFO] Redis: Connected with Redis Database Engine
[2024-06-30 01:24:10] [INFO] Sync: Synced 3 users
[2024-06-30 01:24:35] [INFO] Server: Server started on port 5000
[2024-06-30 01:24:35] [INFO] MongoDB: Connected with MongoDB Database Engine
[2024-06-30 01:24:35] [INFO] Redis: Connected with Redis Database Engine
[2024-06-30 01:24:35] [INFO] Sync: Synced 3 users
[2024-06-30 01:24:44] [INFO] Server: Server started on port 5000
[2024-06-30 01:24:44] [INFO] MongoDB: Connected with MongoDB Database Engine
[2024-06-30 01:24:44] [INFO] Redis: Connected with Redis Database Engine
[2024-06-30 01:24:44] [INFO] Sync: Synced 3 users
[2024-06-30 01:25:14] [INFO] Server: Server started on port 5000
[2024-06-30 01:25:14] [INFO] MongoDB: Connected with MongoDB Database Engine
[2024-06-30 01:25:14] [INFO] Redis: Connected with Redis Database Engine
[2024-06-30 01:25:14] [INFO] Sync: Synced 3 users
[2024-06-30 01:25:28] [INFO] Server: Server started on port 5000
[2024-06-30 01:25:28] [INFO] MongoDB: Connected with MongoDB Database Engine
[2024-06-30 01:25:28] [INFO] Redis: Connected with Redis Database Engine
[2024-06-30 01:25:28] [INFO] Sync: Synced 3 users
[2024-06-30 01:25:37] [INFO] Server: Server started on port 5000
[2024-06-30 01:25:37] [INFO] MongoDB: Connected with MongoDB Database Engine
[2024-06-30 01:25:37] [INFO] Redis: Connected with Redis Database Engine
[2024-06-30 01:25:37] [INFO] Sync: Synced 3 users
[2024-06-30 01:25:49] [INFO] Server: Server started on port 5000
[2024-06-30 01:25:49] [INFO] MongoDB: Connected with MongoDB Database Engine
[2024-06-30 01:25:49] [INFO] Redis: Connected with Redis Database Engine
[2024-06-30 01:25:49] [INFO] Sync: Synced 3 users
[2024-06-30 01:26:06] [INFO] Server: Server started on port 5000
[2024-06-30 01:26:06] [INFO] MongoDB: Connected with MongoDB Database Engine
[2024-06-30 01:26:06] [INFO] Redis: Connected with Redis Database Engine
[2024-06-30 01:26:06] [INFO] Sync: Synced 3 users
[2024-06-30 01:26:13] [INFO] Server: Server started on port 5000
[2024-06-30 01:26:13] [INFO] MongoDB: Connected with MongoDB Database Engine
[2024-06-30 01:26:13] [INFO] Redis: Connected with Redis Database Engine
[2024-06-30 01:26:13] [INFO] Sync: Synced 3 users
[2024-06-30 01:26:23] [INFO] Server: Server started on port 5000
[2024-06-30 01:26:23] [INFO] MongoDB: Connected with MongoDB Database Engine
[2024-06-30 01:26:23] [INFO] Redis: Connected with Redis Database Engine
[2024-06-30 01:26:23] [INFO] Sync: Synced 3 users
[2024-06-30 01:26:48] [INFO] Server: Server started on port 5000
[2024-06-30 01:26:48] [INFO] MongoDB: Connected with MongoDB Database Engine
[2024-06-30 01:26:48] [INFO] Redis: Connected with Redis Database Engine
[2024-06-30 01:26:48] [INFO] Sync: Synced 3 users
[2024-06-30 01:27:17] [INFO] Server: Server started on port 5000
[2024-06-30 01:27:17] [INFO] MongoDB: Connected with MongoDB Database Engine
[2024-06-30 01:27:17] [INFO] Redis: Connected with Redis Database Engine
[2024-06-30 01:27:17] [INFO] Sync: Synced 3 users
[2024-06-30 01:28:56] [INFO] Server: Server started on port 5000
[2024-06-30 01:28:56] [INFO] MongoDB: Connected with MongoDB Database Engine
[2024-06-30 01:28:56] [INFO] Redis: Connected with Redis Database Engine
[2024-06-30 01:28:56] [INFO] Sync: Synced 3 users
[2024-06-30 01:29:11] [INFO] Server: Server started on port 5000
[2024-06-30 01:29:11] [INFO] MongoDB: Connected with MongoDB Database Engine
[2024-06-30 01:29:11] [INFO] Redis: Connected with Redis Database Engine
[2024-06-30 01:29:11] [INFO] Sync: Synced 3 users
[2024-06-30 01:29:33] [INFO] Server: Server started on port 5000
[2024-06-30 01:29:33] [INFO] MongoDB: Connected with MongoDB Database Engine
[2024-06-30 01:29:33] [INFO] Redis: Connected with Redis Database Engine
[2024-06-30 01:29:33] [INFO] Sync: Synced 3 users
[2024-06-30 01:31:40] [INFO] Server: Server started on port 5000
[2024-06-30 01:31:40] [INFO] MongoDB: Connected with MongoDB Database Engine
[2024-06-30 01:31:40] [INFO] Redis: Connected with Redis Database Engine
[2024-06-30 01:31:40] [INFO] Sync: Synced 3 users
[2024-06-30 01:32:03] [INFO] Server: Server started on port 5000
[2024-06-30 01:32:03] [INFO] MongoDB: Connected with MongoDB Database Engine
[2024-06-30 01:32:03] [INFO] Redis: Connected with Redis Database Engine
[2024-06-30 01:32:03] [INFO] Sync: Synced 3 users
[2024-06-30 01:32:20] [ERROR] GoodReceipt: Error on creating good receipt ValidationError: createdBy: Path `createdBy` is required., createdAt: Path `createdAt` is required., supplierID: Path `supplierID` is required., name: Path `name` is required., items.0.discount: Path `discount` is required.
[2024-06-30 01:32:54] [INFO] Server: Server started on port 5000
[2024-06-30 01:32:54] [INFO] MongoDB: Connected with MongoDB Database Engine
[2024-06-30 01:32:54] [INFO] Redis: Connected with Redis Database Engine
[2024-06-30 01:32:54] [INFO] Sync: Synced 3 users
[2024-06-30 01:33:08] [INFO] Server: Server started on port 5000
[2024-06-30 01:33:08] [INFO] MongoDB: Connected with MongoDB Database Engine
[2024-06-30 01:33:08] [INFO] Redis: Connected with Redis Database Engine
[2024-06-30 01:33:08] [INFO] Sync: Synced 3 users
[2024-06-30 01:33:17] [INFO] Server: Server started on port 5000
[2024-06-30 01:33:17] [INFO] MongoDB: Connected with MongoDB Database Engine
[2024-06-30 01:33:17] [INFO] Redis: Connected with Redis Database Engine
[2024-06-30 01:33:17] [INFO] Sync: Synced 3 users
[2024-06-30 01:33:18] [ERROR] GoodReceipt: Error on creating good receipt ValidationError: name: Path `name` is required., items.0.discount: Path `discount` is required.
[2024-06-30 01:36:34] [INFO] Server: Server started on port 5000
[2024-06-30 01:36:34] [INFO] MongoDB: Connected with MongoDB Database Engine
[2024-06-30 01:36:34] [INFO] Redis: Connected with Redis Database Engine
[2024-06-30 01:36:34] [INFO] Sync: Synced 3 users
[2024-06-30 01:36:45] [ERROR] GoodReceipt: Error on creating good receipt ValidationError: name: Path `name` is required.
[2024-06-30 01:40:23] [INFO] Server: Server started on port 5000
[2024-06-30 01:40:23] [INFO] MongoDB: Connected with MongoDB Database Engine
[2024-06-30 01:40:23] [INFO] Redis: Connected with Redis Database Engine
[2024-06-30 01:40:23] [INFO] Sync: Synced 3 users
[2024-06-30 01:40:48] [INFO] Server: Server started on port 5000
[2024-06-30 01:40:48] [INFO] MongoDB: Connected with MongoDB Database Engine
[2024-06-30 01:40:48] [INFO] Redis: Connected with Redis Database Engine
[2024-06-30 01:40:48] [INFO] Sync: Synced 3 users
[2024-06-30 01:42:05] [INFO] Server: Server started on port 5000
[2024-06-30 01:42:05] [INFO] MongoDB: Connected with MongoDB Database Engine
[2024-06-30 01:42:05] [INFO] Redis: Connected with Redis Database Engine
[2024-06-30 01:42:05] [INFO] Sync: Synced 3 users
[2024-06-30 01:44:17] [INFO] Server: Server started on port 5000
[2024-06-30 01:44:17] [INFO] MongoDB: Connected with MongoDB Database Engine
[2024-06-30 01:44:18] [INFO] Redis: Connected with Redis Database Engine
[2024-06-30 01:44:18] [INFO] Sync: Synced 3 users
[2024-06-30 01:44:42] [INFO] Server: Server started on port 5000
[2024-06-30 01:44:42] [INFO] MongoDB: Connected with MongoDB Database Engine
[2024-06-30 01:44:42] [INFO] Redis: Connected with Redis Database Engine
[2024-06-30 01:44:43] [INFO] Sync: Synced 3 users
[2024-06-30 01:45:04] [INFO] Server: Server started on port 5000
[2024-06-30 01:45:04] [INFO] MongoDB: Connected with MongoDB Database Engine
[2024-06-30 01:45:04] [INFO] Redis: Connected with Redis Database Engine
[2024-06-30 01:45:04] [INFO] Sync: Synced 3 users
[2024-06-30 01:45:29] [INFO] Server: Server started on port 5000
[2024-06-30 01:45:29] [INFO] MongoDB: Connected with MongoDB Database Engine
[2024-06-30 01:45:29] [INFO] Redis: Connected with Redis Database Engine
[2024-06-30 01:45:29] [INFO] Sync: Synced 3 users
[2024-06-30 01:46:15] [INFO] Server: Server started on port 5000
[2024-06-30 01:46:15] [INFO] MongoDB: Connected with MongoDB Database Engine
[2024-06-30 01:46:16] [INFO] Redis: Connected with Redis Database Engine
[2024-06-30 01:46:16] [INFO] Sync: Synced 3 users
[2024-06-30 01:46:42] [INFO] Server: Server started on port 5000
[2024-06-30 01:46:42] [INFO] MongoDB: Connected with MongoDB Database Engine
[2024-06-30 01:46:42] [INFO] Redis: Connected with Redis Database Engine
[2024-06-30 01:46:42] [INFO] Sync: Synced 3 users
[2024-06-30 01:46:49] [INFO] Server: Server started on port 5000
[2024-06-30 01:46:49] [INFO] MongoDB: Connected with MongoDB Database Engine
[2024-06-30 01:46:49] [INFO] Redis: Connected with Redis Database Engine
[2024-06-30 01:46:49] [INFO] Sync: Synced 3 users
[2024-06-30 01:47:08] [INFO] Master worker: Job 1498 completed with result undefined
[2024-06-30 01:47:41] [INFO] Master worker: Job 1499 completed with result undefined
[2024-06-30 01:47:41] [INFO] Master worker: Job 1500 completed with result undefined
[2024-06-30 01:47:41] [INFO] Master worker: Job 1501 completed with result undefined
[2024-06-30 01:47:41] [INFO] Master worker: Job 1502 completed with result undefined
[2024-06-30 01:48:19] [INFO] Server: Server started on port 5000
[2024-06-30 01:48:20] [INFO] MongoDB: Connected with MongoDB Database Engine
[2024-06-30 01:48:20] [INFO] Redis: Connected with Redis Database Engine
[2024-06-30 01:48:20] [INFO] Sync: Synced 3 users
[2024-06-30 01:52:00] [INFO] Server: Server started on port 5000
[2024-06-30 01:52:00] [INFO] MongoDB: Connected with MongoDB Database Engine
[2024-06-30 01:52:01] [INFO] Redis: Connected with Redis Database Engine
[2024-06-30 01:52:01] [INFO] Sync: Synced 3 users
[2024-06-30 01:52:08] [INFO] Server: Server started on port 5000
[2024-06-30 01:52:08] [INFO] MongoDB: Connected with MongoDB Database Engine
[2024-06-30 01:52:08] [INFO] Redis: Connected with Redis Database Engine
[2024-06-30 01:52:08] [INFO] Sync: Synced 3 users
[2024-06-30 01:52:20] [INFO] Server: Server started on port 5000
[2024-06-30 01:52:20] [INFO] MongoDB: Connected with MongoDB Database Engine
[2024-06-30 01:52:20] [INFO] Redis: Connected with Redis Database Engine
[2024-06-30 01:52:20] [INFO] Sync: Synced 3 users
[2024-06-30 01:52:45] [ERROR] Master worker: Job 1503 has failed with Schema hasn't been registered for model "stocks".
Use mongoose.model(name, schema)
[2024-06-30 01:52:56] [INFO] Server: Server started on port 5000
[2024-06-30 01:52:56] [INFO] MongoDB: Connected with MongoDB Database Engine
[2024-06-30 01:52:56] [INFO] Redis: Connected with Redis Database Engine
[2024-06-30 01:52:56] [INFO] Sync: Synced 3 users
[2024-06-30 01:53:06] [INFO] Master worker: Job 1504 completed with result undefined
[2024-06-30 01:54:30] [INFO] Server: Server started on port 5000
[2024-06-30 01:54:30] [INFO] MongoDB: Connected with MongoDB Database Engine
[2024-06-30 01:54:30] [INFO] Redis: Connected with Redis Database Engine
[2024-06-30 01:54:30] [INFO] Sync: Synced 3 users
[2024-06-30 01:54:55] [INFO] Master worker: Job 1505 completed with result undefined
[2024-06-30 01:54:55] [INFO] Master worker: Job 1506 completed with result undefined
[2024-06-30 01:54:55] [INFO] Master worker: Job 1507 completed with result undefined
[2024-06-30 02:02:52] [INFO] Server: Server started on port 5000
[2024-06-30 02:02:52] [INFO] MongoDB: Connected with MongoDB Database Engine
[2024-06-30 02:02:52] [INFO] Redis: Connected with Redis Database Engine
[2024-06-30 02:02:52] [INFO] Sync: Synced 3 users
[2024-06-30 02:03:49] [INFO] Server: Server started on port 5000
[2024-06-30 02:03:49] [INFO] MongoDB: Connected with MongoDB Database Engine
[2024-06-30 02:03:49] [INFO] Redis: Connected with Redis Database Engine
[2024-06-30 02:03:49] [INFO] Sync: Synced 3 users
[2024-06-30 02:04:04] [INFO] Server: Server started on port 5000
[2024-06-30 02:04:04] [INFO] MongoDB: Connected with MongoDB Database Engine
[2024-06-30 02:04:04] [INFO] Redis: Connected with Redis Database Engine
[2024-06-30 02:04:04] [INFO] Sync: Synced 3 users
[2024-06-30 02:05:21] [INFO] Server: Server started on port 5000
[2024-06-30 02:05:21] [INFO] MongoDB: Connected with MongoDB Database Engine
[2024-06-30 02:05:21] [INFO] Redis: Connected with Redis Database Engine
[2024-06-30 02:05:21] [INFO] Sync: Synced 3 users
[2024-06-30 02:10:24] [INFO] Server: Server started on port 5000
[2024-06-30 02:10:24] [INFO] MongoDB: Connected with MongoDB Database Engine
[2024-06-30 02:10:25] [INFO] Redis: Connected with Redis Database Engine
[2024-06-30 02:10:25] [INFO] Sync: Synced 3 users
[2024-06-30 02:11:20] [INFO] Server: Server started on port 5000
[2024-06-30 02:11:20] [INFO] MongoDB: Connected with MongoDB Database Engine
[2024-06-30 02:11:20] [INFO] Redis: Connected with Redis Database Engine
[2024-06-30 02:11:20] [INFO] Sync: Synced 3 users
[2024-06-30 02:12:17] [INFO] Server: Server started on port 5000
[2024-06-30 02:12:17] [INFO] MongoDB: Connected with MongoDB Database Engine
[2024-06-30 02:12:17] [INFO] Redis: Connected with Redis Database Engine
[2024-06-30 02:12:17] [INFO] Sync: Synced 3 users
[2024-06-30 02:12:31] [INFO] Server: Server started on port 5000
[2024-06-30 02:12:31] [INFO] MongoDB: Connected with MongoDB Database Engine
[2024-06-30 02:12:31] [INFO] Redis: Connected with Redis Database Engine
[2024-06-30 02:12:31] [INFO] Sync: Synced 3 users
[2024-06-30 02:12:50] [INFO] Server: Server started on port 5000
[2024-06-30 02:12:50] [INFO] MongoDB: Connected with MongoDB Database Engine
[2024-06-30 02:12:50] [INFO] Redis: Connected with Redis Database Engine
[2024-06-30 02:12:50] [INFO] Sync: Synced 3 users
[2024-06-30 02:13:04] [INFO] Server: Server started on port 5000
[2024-06-30 02:13:04] [INFO] MongoDB: Connected with MongoDB Database Engine
[2024-06-30 02:13:04] [INFO] Redis: Connected with Redis Database Engine
[2024-06-30 02:13:04] [INFO] Sync: Synced 3 users
[2024-06-30 02:17:41] [INFO] Server: Server started on port 5000
[2024-06-30 02:17:41] [INFO] MongoDB: Connected with MongoDB Database Engine
[2024-06-30 02:17:41] [INFO] Redis: Connected with Redis Database Engine
[2024-06-30 02:17:41] [INFO] Sync: Synced 3 users
[2024-06-30 02:19:00] [INFO] Server: Server started on port 5000
[2024-06-30 02:19:00] [INFO] MongoDB: Connected with MongoDB Database Engine
[2024-06-30 02:19:00] [INFO] Redis: Connected with Redis Database Engine
[2024-06-30 02:19:00] [INFO] Sync: Synced 3 users
[2024-06-30 02:19:12] [INFO] Server: Server started on port 5000
[2024-06-30 02:19:12] [INFO] MongoDB: Connected with MongoDB Database Engine
[2024-06-30 02:19:12] [INFO] Redis: Connected with Redis Database Engine
[2024-06-30 02:19:12] [INFO] Sync: Synced 3 users
[2024-06-30 02:20:17] [INFO] Server: Server started on port 5000
[2024-06-30 02:20:17] [INFO] MongoDB: Connected with MongoDB Database Engine
[2024-06-30 02:20:17] [INFO] Redis: Connected with Redis Database Engine
[2024-06-30 02:20:17] [INFO] Sync: Synced 3 users
[2024-06-30 02:21:29] [INFO] Server: Server started on port 5000
[2024-06-30 02:21:29] [INFO] MongoDB: Connected with MongoDB Database Engine
[2024-06-30 02:21:29] [INFO] Redis: Connected with Redis Database Engine
[2024-06-30 02:21:29] [INFO] Sync: Synced 3 users
[2024-06-30 02:22:00] [INFO] Server: Server started on port 5000
[2024-06-30 02:22:00] [INFO] MongoDB: Connected with MongoDB Database Engine
[2024-06-30 02:22:00] [INFO] Redis: Connected with Redis Database Engine
[2024-06-30 02:22:00] [INFO] Sync: Synced 3 users
[2024-06-30 02:22:44] [INFO] Server: Server started on port 5000
[2024-06-30 02:22:44] [INFO] MongoDB: Connected with MongoDB Database Engine
[2024-06-30 02:22:44] [INFO] Redis: Connected with Redis Database Engine
[2024-06-30 02:22:44] [INFO] Sync: Synced 3 users
[2024-06-30 02:23:18] [INFO] Server: Server started on port 5000
[2024-06-30 02:23:18] [INFO] MongoDB: Connected with MongoDB Database Engine
[2024-06-30 02:23:18] [INFO] Redis: Connected with Redis Database Engine
[2024-06-30 02:23:18] [INFO] Sync: Synced 3 users
[2024-06-30 02:26:40] [INFO] Server: Server started on port 5000
[2024-06-30 02:26:40] [INFO] MongoDB: Connected with MongoDB Database Engine
[2024-06-30 02:26:41] [INFO] Redis: Connected with Redis Database Engine
[2024-06-30 02:26:41] [INFO] Sync: Synced 3 users
[2024-06-30 02:28:11] [INFO] Server: Server started on port 5000
[2024-06-30 02:28:11] [INFO] MongoDB: Connected with MongoDB Database Engine
[2024-06-30 02:28:12] [INFO] Redis: Connected with Redis Database Engine
[2024-06-30 02:28:12] [INFO] Sync: Synced 3 users
[2024-06-30 02:33:16] [INFO] Server: Server started on port 5000
[2024-06-30 02:33:16] [INFO] MongoDB: Connected with MongoDB Database Engine
[2024-06-30 02:33:16] [INFO] Redis: Connected with Redis Database Engine
[2024-06-30 02:33:16] [INFO] Sync: Synced 3 users
[2024-06-30 02:34:08] [INFO] Server: Server started on port 5000
[2024-06-30 02:34:08] [INFO] MongoDB: Connected with MongoDB Database Engine
[2024-06-30 02:34:08] [INFO] Redis: Connected with Redis Database Engine
[2024-06-30 02:34:08] [INFO] Sync: Synced 3 users
[2024-06-30 02:34:29] [INFO] Server: Server started on port 5000
[2024-06-30 02:34:29] [INFO] MongoDB: Connected with MongoDB Database Engine
[2024-06-30 02:34:29] [INFO] Redis: Connected with Redis Database Engine
[2024-06-30 02:34:29] [INFO] Sync: Synced 3 users
[2024-06-30 02:38:08] [INFO] Server: Server started on port 5000
[2024-06-30 02:38:08] [INFO] MongoDB: Connected with MongoDB Database Engine
[2024-06-30 02:38:08] [INFO] Redis: Connected with Redis Database Engine
[2024-06-30 02:38:08] [INFO] Sync: Synced 3 users
[2024-06-30 02:38:30] [INFO] Server: Server started on port 5000
[2024-06-30 02:38:30] [INFO] MongoDB: Connected with MongoDB Database Engine
[2024-06-30 02:38:30] [INFO] Redis: Connected with Redis Database Engine
[2024-06-30 02:38:30] [INFO] Sync: Synced 3 users
[2024-06-30 02:40:54] [INFO] Server: Server started on port 5000
[2024-06-30 02:40:54] [INFO] MongoDB: Connected with MongoDB Database Engine
[2024-06-30 02:40:54] [INFO] Redis: Connected with Redis Database Engine
[2024-06-30 02:40:54] [INFO] Sync: Synced 3 users
[2024-06-30 02:41:29] [INFO] Server: Server started on port 5000
[2024-06-30 02:41:29] [INFO] MongoDB: Connected with MongoDB Database Engine
[2024-06-30 02:41:29] [INFO] Redis: Connected with Redis Database Engine
[2024-06-30 02:41:29] [INFO] Sync: Synced 3 users
[2024-06-30 02:41:54] [INFO] Server: Server started on port 5000
[2024-06-30 02:41:54] [INFO] MongoDB: Connected with MongoDB Database Engine
[2024-06-30 02:41:54] [INFO] Redis: Connected with Redis Database Engine
[2024-06-30 02:41:54] [INFO] Sync: Synced 3 users
[2024-06-30 02:42:04] [INFO] Server: Server started on port 5000
[2024-06-30 02:42:04] [INFO] MongoDB: Connected with MongoDB Database Engine
[2024-06-30 02:42:04] [INFO] Redis: Connected with Redis Database Engine
[2024-06-30 02:42:04] [INFO] Sync: Synced 3 users
[2024-06-30 02:42:14] [INFO] Server: Server started on port 5000
[2024-06-30 02:42:14] [INFO] MongoDB: Connected with MongoDB Database Engine
[2024-06-30 02:42:14] [INFO] Redis: Connected with Redis Database Engine
[2024-06-30 02:42:14] [INFO] Sync: Synced 3 users
[2024-06-30 02:42:26] [INFO] Server: Server started on port 5000
[2024-06-30 02:42:26] [INFO] MongoDB: Connected with MongoDB Database Engine
[2024-06-30 02:42:26] [INFO] Redis: Connected with Redis Database Engine
[2024-06-30 02:42:26] [INFO] Sync: Synced 3 users
[2024-06-30 02:42:40] [INFO] Server: Server started on port 5000
[2024-06-30 02:42:40] [INFO] MongoDB: Connected with MongoDB Database Engine
[2024-06-30 02:42:40] [INFO] Redis: Connected with Redis Database Engine
[2024-06-30 02:42:41] [INFO] Sync: Synced 3 users
[2024-06-30 02:43:09] [INFO] Server: Server started on port 5000
[2024-06-30 02:43:09] [INFO] MongoDB: Connected with MongoDB Database Engine
[2024-06-30 02:43:09] [INFO] Redis: Connected with Redis Database Engine
[2024-06-30 02:43:09] [INFO] Sync: Synced 3 users
[2024-06-30 02:44:05] [INFO] Server: Server started on port 5000
[2024-06-30 02:44:05] [INFO] MongoDB: Connected with MongoDB Database Engine
[2024-06-30 02:44:05] [INFO] Redis: Connected with Redis Database Engine
[2024-06-30 02:44:05] [INFO] Sync: Synced 3 users
[2024-06-30 02:45:14] [INFO] Server: Server started on port 5000
[2024-06-30 02:45:14] [INFO] MongoDB: Connected with MongoDB Database Engine
[2024-06-30 02:45:14] [INFO] Redis: Connected with Redis Database Engine
[2024-06-30 02:45:14] [INFO] Sync: Synced 3 users
[2024-06-30 02:45:41] [INFO] Server: Server started on port 5000
[2024-06-30 02:45:41] [INFO] MongoDB: Connected with MongoDB Database Engine
[2024-06-30 02:45:41] [INFO] Redis: Connected with Redis Database Engine
[2024-06-30 02:45:41] [INFO] Sync: Synced 3 users
[2024-06-30 02:45:54] [INFO] Server: Server started on port 5000
[2024-06-30 02:45:54] [INFO] MongoDB: Connected with MongoDB Database Engine
[2024-06-30 02:45:54] [INFO] Redis: Connected with Redis Database Engine
[2024-06-30 02:45:54] [INFO] Sync: Synced 3 users
[2024-06-30 02:46:19] [INFO] Server: Server started on port 5000
[2024-06-30 02:46:19] [INFO] MongoDB: Connected with MongoDB Database Engine
[2024-06-30 02:46:19] [INFO] Redis: Connected with Redis Database Engine
[2024-06-30 02:46:19] [INFO] Sync: Synced 3 users
[2024-06-30 02:47:03] [INFO] Server: Server started on port 5000
[2024-06-30 02:47:03] [INFO] MongoDB: Connected with MongoDB Database Engine
[2024-06-30 02:47:03] [INFO] Redis: Connected with Redis Database Engine
[2024-06-30 02:47:03] [INFO] Sync: Synced 3 users
[2024-06-30 02:47:12] [INFO] Server: Server started on port 5000
[2024-06-30 02:47:12] [INFO] MongoDB: Connected with MongoDB Database Engine
[2024-06-30 02:47:12] [INFO] Redis: Connected with Redis Database Engine
[2024-06-30 02:47:12] [INFO] Sync: Synced 3 users
[2024-06-30 02:47:20] [INFO] Server: Server started on port 5000
[2024-06-30 02:47:20] [INFO] MongoDB: Connected with MongoDB Database Engine
[2024-06-30 02:47:20] [INFO] Redis: Connected with Redis Database Engine
[2024-06-30 02:47:20] [INFO] Sync: Synced 3 users
[2024-06-30 02:48:06] [INFO] Server: Server started on port 5000
[2024-06-30 02:48:06] [INFO] MongoDB: Connected with MongoDB Database Engine
[2024-06-30 02:48:06] [INFO] Redis: Connected with Redis Database Engine
[2024-06-30 02:48:06] [INFO] Sync: Synced 3 users
[2024-06-30 02:48:17] [INFO] Server: Server started on port 5000
[2024-06-30 02:48:17] [INFO] MongoDB: Connected with MongoDB Database Engine
[2024-06-30 02:48:17] [INFO] Redis: Connected with Redis Database Engine
[2024-06-30 02:48:17] [INFO] Sync: Synced 3 users
[2024-06-30 02:48:34] [INFO] Server: Server started on port 5000
[2024-06-30 02:48:34] [INFO] MongoDB: Connected with MongoDB Database Engine
[2024-06-30 02:48:34] [INFO] Redis: Connected with Redis Database Engine
[2024-06-30 02:48:34] [INFO] Sync: Synced 3 users
[2024-06-30 02:48:59] [INFO] Server: Server started on port 5000
[2024-06-30 02:48:59] [INFO] MongoDB: Connected with MongoDB Database Engine
[2024-06-30 02:48:59] [INFO] Redis: Connected with Redis Database Engine
[2024-06-30 02:48:59] [INFO] Sync: Synced 3 users
[2024-06-30 02:49:08] [INFO] Server: Server started on port 5000
[2024-06-30 02:49:08] [INFO] MongoDB: Connected with MongoDB Database Engine
[2024-06-30 02:49:08] [INFO] Redis: Connected with Redis Database Engine
[2024-06-30 02:49:08] [INFO] Sync: Synced 3 users
[2024-06-30 02:49:27] [INFO] Server: Server started on port 5000
[2024-06-30 02:49:27] [INFO] MongoDB: Connected with MongoDB Database Engine
[2024-06-30 02:49:27] [INFO] Redis: Connected with Redis Database Engine
[2024-06-30 02:49:28] [INFO] Sync: Synced 3 users
[2024-06-30 02:50:14] [INFO] Server: Server started on port 5000
[2024-06-30 02:50:14] [INFO] MongoDB: Connected with MongoDB Database Engine
[2024-06-30 02:50:14] [INFO] Redis: Connected with Redis Database Engine
[2024-06-30 02:50:14] [INFO] Sync: Synced 3 users
[2024-06-30 02:50:39] [INFO] Server: Server started on port 5000
[2024-06-30 02:50:39] [INFO] MongoDB: Connected with MongoDB Database Engine
[2024-06-30 02:50:39] [INFO] Redis: Connected with Redis Database Engine
[2024-06-30 02:50:39] [INFO] Sync: Synced 3 users
[2024-06-30 02:51:05] [INFO] Server: Server started on port 5000
[2024-06-30 02:51:05] [INFO] MongoDB: Connected with MongoDB Database Engine
[2024-06-30 02:51:05] [INFO] Redis: Connected with Redis Database Engine
[2024-06-30 02:51:05] [INFO] Sync: Synced 3 users
[2024-06-30 02:51:32] [INFO] Server: Server started on port 5000
[2024-06-30 02:51:32] [INFO] MongoDB: Connected with MongoDB Database Engine
[2024-06-30 02:51:32] [INFO] Redis: Connected with Redis Database Engine
[2024-06-30 02:51:32] [INFO] Sync: Synced 3 users
[2024-06-30 02:54:00] [INFO] Server: Server started on port 5000
[2024-06-30 02:54:00] [INFO] MongoDB: Connected with MongoDB Database Engine
[2024-06-30 02:54:01] [INFO] Redis: Connected with Redis Database Engine
[2024-06-30 02:54:01] [INFO] Sync: Synced 3 users
[2024-06-30 02:55:16] [INFO] Server: Server started on port 5000
[2024-06-30 02:55:16] [INFO] MongoDB: Connected with MongoDB Database Engine
[2024-06-30 02:55:17] [INFO] Redis: Connected with Redis Database Engine
[2024-06-30 02:55:17] [INFO] Sync: Synced 3 users
[2024-06-30 02:55:23] [INFO] Server: Server started on port 5000
[2024-06-30 02:55:23] [INFO] MongoDB: Connected with MongoDB Database Engine
[2024-06-30 02:55:23] [INFO] Redis: Connected with Redis Database Engine
[2024-06-30 02:55:23] [INFO] Sync: Synced 3 users
[2024-06-30 02:57:13] [INFO] Server: Server started on port 5000
[2024-06-30 02:57:13] [INFO] MongoDB: Connected with MongoDB Database Engine
[2024-06-30 02:57:13] [INFO] Redis: Connected with Redis Database Engine
[2024-06-30 02:57:13] [INFO] Sync: Synced 3 users
[2024-06-30 13:16:34] [INFO] Server: Server started on port 5000
[2024-06-30 13:16:34] [INFO] MongoDB: Connected with MongoDB Database Engine
[2024-06-30 13:16:34] [ERROR] Redis: Error: connect ECONNREFUSED ::1:6379
[2024-06-30 13:16:34] [ERROR] Redis: Error: connect ECONNREFUSED ::1:6379
[2024-06-30 13:16:34] [INFO] Sync: Synced 3 users
[2024-06-30 13:16:34] [ERROR] Redis: Error: connect ECONNREFUSED ::1:6379
[2024-06-30 13:16:34] [ERROR] Redis: Error: connect ECONNREFUSED ::1:6379
[2024-06-30 13:16:34] [ERROR] Redis: Error: connect ECONNREFUSED ::1:6379
[2024-06-30 13:16:35] [ERROR] Redis: Error: connect ECONNREFUSED ::1:6379
[2024-06-30 13:16:35] [ERROR] Redis: Error: connect ECONNREFUSED ::1:6379
[2024-06-30 13:16:35] [ERROR] Redis: Error: connect ECONNREFUSED ::1:6379
[2024-06-30 13:16:36] [ERROR] Redis: Error: connect ECONNREFUSED ::1:6379
[2024-06-30 13:16:36] [ERROR] Redis: Error: connect ECONNREFUSED ::1:6379
[2024-06-30 13:16:36] [ERROR] Redis: Error: connect ECONNREFUSED ::1:6379
[2024-06-30 13:16:37] [ERROR] Redis: Error: connect ECONNREFUSED ::1:6379
[2024-06-30 13:16:37] [ERROR] Redis: Error: connect ECONNREFUSED ::1:6379
[2024-06-30 13:16:38] [ERROR] Redis: Error: connect ECONNREFUSED ::1:6379
[2024-06-30 13:16:38] [ERROR] Redis: Error: connect ECONNREFUSED ::1:6379
[2024-06-30 13:16:39] [ERROR] Redis: Error: connect ECONNREFUSED ::1:6379
[2024-06-30 13:16:39] [ERROR] Redis: Error: connect ECONNREFUSED ::1:6379
[2024-06-30 13:16:40] [INFO] Redis: Connected with Redis Database Engine
[2024-06-30 13:18:28] [INFO] Server: Server started on port 5000
[2024-06-30 13:18:28] [INFO] MongoDB: Connected with MongoDB Database Engine
[2024-06-30 13:18:28] [INFO] Redis: Connected with Redis Database Engine
[2024-06-30 13:18:28] [INFO] Sync: Synced 3 users
[2024-06-30 13:18:35] [INFO] Server: Server started on port 5000
[2024-06-30 13:18:35] [INFO] MongoDB: Connected with MongoDB Database Engine
[2024-06-30 13:18:35] [INFO] Redis: Connected with Redis Database Engine
[2024-06-30 13:18:35] [INFO] Sync: Synced 3 users
[2024-06-30 13:19:23] [INFO] Server: Server started on port 5000
[2024-06-30 13:19:23] [INFO] MongoDB: Connected with MongoDB Database Engine
[2024-06-30 13:19:23] [INFO] Redis: Connected with Redis Database Engine
[2024-06-30 13:19:23] [INFO] Sync: Synced 3 users
[2024-06-30 13:20:10] [INFO] Server: Server started on port 5000
[2024-06-30 13:20:10] [INFO] MongoDB: Connected with MongoDB Database Engine
[2024-06-30 13:20:10] [INFO] Redis: Connected with Redis Database Engine
[2024-06-30 13:20:10] [INFO] Sync: Synced 3 users
[2024-06-30 13:20:18] [INFO] Server: Server started on port 5000
[2024-06-30 13:20:18] [INFO] MongoDB: Connected with MongoDB Database Engine
[2024-06-30 13:20:18] [INFO] Redis: Connected with Redis Database Engine
[2024-06-30 13:20:18] [INFO] Sync: Synced 3 users
[2024-06-30 13:21:16] [INFO] Server: Server started on port 5000
[2024-06-30 13:21:16] [INFO] MongoDB: Connected with MongoDB Database Engine
[2024-06-30 13:21:17] [INFO] Redis: Connected with Redis Database Engine
[2024-06-30 13:21:17] [INFO] Sync: Synced 3 users
[2024-06-30 13:21:44] [INFO] Server: Server started on port 5000
[2024-06-30 13:21:44] [INFO] MongoDB: Connected with MongoDB Database Engine
[2024-06-30 13:21:44] [INFO] Redis: Connected with Redis Database Engine
[2024-06-30 13:21:44] [INFO] Sync: Synced 3 users
[2024-06-30 13:44:40] [INFO] Server: Server started on port 5000
[2024-06-30 13:44:40] [INFO] MongoDB: Connected with MongoDB Database Engine
[2024-06-30 13:44:40] [INFO] Redis: Connected with Redis Database Engine
[2024-06-30 13:44:40] [INFO] Sync: Synced 3 users
[2024-06-30 13:45:52] [INFO] Server: Server started on port 5000
[2024-06-30 13:45:52] [INFO] MongoDB: Connected with MongoDB Database Engine
[2024-06-30 13:45:52] [INFO] Redis: Connected with Redis Database Engine
[2024-06-30 13:45:52] [INFO] Sync: Synced 3 users
[2024-06-30 13:46:39] [INFO] Server: Server started on port 5000
[2024-06-30 13:46:39] [INFO] MongoDB: Connected with MongoDB Database Engine
[2024-06-30 13:46:39] [INFO] Redis: Connected with Redis Database Engine
[2024-06-30 13:46:39] [INFO] Sync: Synced 3 users
[2024-06-30 13:48:04] [INFO] Server: Server started on port 5000
[2024-06-30 13:48:04] [INFO] MongoDB: Connected with MongoDB Database Engine
[2024-06-30 13:48:04] [INFO] Redis: Connected with Redis Database Engine
[2024-06-30 13:48:04] [INFO] Sync: Synced 3 users
[2024-06-30 13:48:10] [INFO] Server: Server started on port 5000
[2024-06-30 13:48:10] [INFO] MongoDB: Connected with MongoDB Database Engine
[2024-06-30 13:48:10] [INFO] Redis: Connected with Redis Database Engine
[2024-06-30 13:48:10] [INFO] Sync: Synced 3 users
[2024-06-30 13:48:25] [INFO] Server: Server started on port 5000
[2024-06-30 13:48:25] [INFO] MongoDB: Connected with MongoDB Database Engine
[2024-06-30 13:48:25] [INFO] Redis: Connected with Redis Database Engine
[2024-06-30 13:48:25] [INFO] Sync: Synced 3 users
[2024-06-30 13:48:32] [INFO] Server: Server started on port 5000
[2024-06-30 13:48:32] [INFO] MongoDB: Connected with MongoDB Database Engine
[2024-06-30 13:48:32] [INFO] Redis: Connected with Redis Database Engine
[2024-06-30 13:48:32] [INFO] Sync: Synced 3 users
[2024-06-30 13:48:52] [INFO] Server: Server started on port 5000
[2024-06-30 13:48:52] [INFO] MongoDB: Connected with MongoDB Database Engine
[2024-06-30 13:48:52] [INFO] Redis: Connected with Redis Database Engine
[2024-06-30 13:48:52] [INFO] Sync: Synced 3 users
[2024-06-30 13:49:08] [INFO] Server: Server started on port 5000
[2024-06-30 13:49:08] [INFO] MongoDB: Connected with MongoDB Database Engine
[2024-06-30 13:49:08] [INFO] Redis: Connected with Redis Database Engine
[2024-06-30 13:49:08] [INFO] Sync: Synced 3 users
[2024-06-30 13:49:18] [INFO] Server: Server started on port 5000
[2024-06-30 13:49:18] [INFO] MongoDB: Connected with MongoDB Database Engine
[2024-06-30 13:49:18] [INFO] Redis: Connected with Redis Database Engine
[2024-06-30 13:49:18] [INFO] Sync: Synced 3 users
[2024-06-30 13:50:42] [INFO] Server: Server started on port 5000
[2024-06-30 13:50:42] [INFO] MongoDB: Connected with MongoDB Database Engine
[2024-06-30 13:50:42] [INFO] Redis: Connected with Redis Database Engine
[2024-06-30 13:50:42] [INFO] Sync: Synced 3 users
[2024-06-30 13:50:59] [INFO] Server: Server started on port 5000
[2024-06-30 13:50:59] [INFO] MongoDB: Connected with MongoDB Database Engine
[2024-06-30 13:50:59] [INFO] Redis: Connected with Redis Database Engine
[2024-06-30 13:50:59] [INFO] Sync: Synced 3 users
[2024-06-30 13:51:25] [INFO] Server: Server started on port 5000
[2024-06-30 13:51:25] [INFO] MongoDB: Connected with MongoDB Database Engine
[2024-06-30 13:51:25] [INFO] Redis: Connected with Redis Database Engine
[2024-06-30 13:51:25] [INFO] Sync: Synced 3 users
[2024-06-30 13:51:42] [INFO] Server: Server started on port 5000
[2024-06-30 13:51:42] [INFO] MongoDB: Connected with MongoDB Database Engine
[2024-06-30 13:51:42] [INFO] Redis: Connected with Redis Database Engine
[2024-06-30 13:51:42] [INFO] Sync: Synced 3 users
[2024-06-30 13:53:26] [INFO] Server: Server started on port 5000
[2024-06-30 13:53:26] [INFO] MongoDB: Connected with MongoDB Database Engine
[2024-06-30 13:53:26] [INFO] Redis: Connected with Redis Database Engine
[2024-06-30 13:53:26] [INFO] Sync: Synced 3 users
[2024-06-30 13:53:58] [INFO] Server: Server started on port 5000
[2024-06-30 13:53:58] [INFO] MongoDB: Connected with MongoDB Database Engine
[2024-06-30 13:53:59] [INFO] Redis: Connected with Redis Database Engine
[2024-06-30 13:53:59] [INFO] Sync: Synced 3 users
[2024-06-30 13:54:12] [INFO] Server: Server started on port 5000
[2024-06-30 13:54:12] [INFO] MongoDB: Connected with MongoDB Database Engine
[2024-06-30 13:54:12] [INFO] Redis: Connected with Redis Database Engine
[2024-06-30 13:54:12] [INFO] Sync: Synced 3 users
[2024-06-30 13:54:55] [INFO] Server: Server started on port 5000
[2024-06-30 13:54:55] [INFO] MongoDB: Connected with MongoDB Database Engine
[2024-06-30 13:54:55] [INFO] Redis: Connected with Redis Database Engine
[2024-06-30 13:54:55] [INFO] Sync: Synced 3 users
[2024-06-30 13:55:44] [INFO] Server: Server started on port 5000
[2024-06-30 13:55:44] [INFO] MongoDB: Connected with MongoDB Database Engine
[2024-06-30 13:55:44] [INFO] Redis: Connected with Redis Database Engine
[2024-06-30 13:55:44] [INFO] Sync: Synced 3 users
[2024-06-30 13:56:03] [INFO] Server: Server started on port 5000
[2024-06-30 13:56:03] [INFO] MongoDB: Connected with MongoDB Database Engine
[2024-06-30 13:56:03] [INFO] Redis: Connected with Redis Database Engine
[2024-06-30 13:56:03] [INFO] Sync: Synced 3 users
[2024-06-30 13:56:21] [INFO] Server: Server started on port 5000
[2024-06-30 13:56:21] [INFO] MongoDB: Connected with MongoDB Database Engine
[2024-06-30 13:56:21] [INFO] Redis: Connected with Redis Database Engine
[2024-06-30 13:56:21] [INFO] Sync: Synced 3 users
[2024-06-30 13:56:38] [INFO] Server: Server started on port 5000
[2024-06-30 13:56:38] [INFO] MongoDB: Connected with MongoDB Database Engine
[2024-06-30 13:56:38] [INFO] Redis: Connected with Redis Database Engine
[2024-06-30 13:56:38] [INFO] Sync: Synced 3 users
[2024-06-30 13:57:53] [INFO] Server: Server started on port 5000
[2024-06-30 13:57:53] [INFO] MongoDB: Connected with MongoDB Database Engine
[2024-06-30 13:57:54] [INFO] Redis: Connected with Redis Database Engine
[2024-06-30 13:57:54] [INFO] Sync: Synced 3 users
[2024-06-30 13:58:33] [INFO] Server: Server started on port 5000
[2024-06-30 13:58:33] [INFO] MongoDB: Connected with MongoDB Database Engine
[2024-06-30 13:58:33] [INFO] Redis: Connected with Redis Database Engine
[2024-06-30 13:58:33] [INFO] Sync: Synced 3 users
[2024-06-30 14:00:26] [INFO] Server: Server started on port 5000
[2024-06-30 14:00:26] [INFO] MongoDB: Connected with MongoDB Database Engine
[2024-06-30 14:00:26] [INFO] Redis: Connected with Redis Database Engine
[2024-06-30 14:00:26] [INFO] Sync: Synced 3 users
[2024-06-30 14:09:44] [INFO] Server: Server started on port 5000
[2024-06-30 14:09:44] [INFO] MongoDB: Connected with MongoDB Database Engine
[2024-06-30 14:09:44] [INFO] Redis: Connected with Redis Database Engine
[2024-06-30 14:09:44] [INFO] Sync: Synced 3 users
[2024-06-30 14:10:34] [INFO] Server: Server started on port 5000
[2024-06-30 14:10:34] [INFO] MongoDB: Connected with MongoDB Database Engine
[2024-06-30 14:10:34] [INFO] Redis: Connected with Redis Database Engine
[2024-06-30 14:10:34] [INFO] Sync: Synced 3 users
[2024-06-30 14:11:21] [INFO] Server: Server started on port 5000
[2024-06-30 14:11:21] [INFO] MongoDB: Connected with MongoDB Database Engine
[2024-06-30 14:11:21] [INFO] Redis: Connected with Redis Database Engine
[2024-06-30 14:11:21] [INFO] Sync: Synced 3 users
[2024-06-30 14:11:42] [INFO] Server: Server started on port 5000
[2024-06-30 14:11:42] [INFO] MongoDB: Connected with MongoDB Database Engine
[2024-06-30 14:11:42] [INFO] Redis: Connected with Redis Database Engine
[2024-06-30 14:11:42] [INFO] Sync: Synced 3 users
[2024-06-30 14:12:23] [INFO] Server: Server started on port 5000
[2024-06-30 14:12:23] [INFO] MongoDB: Connected with MongoDB Database Engine
[2024-06-30 14:12:23] [INFO] Redis: Connected with Redis Database Engine
[2024-06-30 14:12:23] [INFO] Sync: Synced 3 users
[2024-06-30 14:12:42] [INFO] Server: Server started on port 5000
[2024-06-30 14:12:42] [INFO] MongoDB: Connected with MongoDB Database Engine
[2024-06-30 14:12:42] [INFO] Redis: Connected with Redis Database Engine
[2024-06-30 14:12:42] [INFO] Sync: Synced 3 users
[2024-06-30 14:32:34] [INFO] Server: Server started on port 5000
[2024-06-30 14:32:34] [INFO] MongoDB: Connected with MongoDB Database Engine
[2024-06-30 14:32:35] [INFO] Redis: Connected with Redis Database Engine
[2024-06-30 14:32:35] [INFO] Sync: Synced 3 users
[2024-06-30 14:33:01] [ERROR] Adjustment: Error on creating adjustment event: ValidationError: name: Path `name` is required.
[2024-06-30 14:33:34] [INFO] Server: Server started on port 5000
[2024-06-30 14:33:34] [INFO] MongoDB: Connected with MongoDB Database Engine
[2024-06-30 14:33:34] [INFO] Redis: Connected with Redis Database Engine
[2024-06-30 14:33:34] [INFO] Sync: Synced 3 users
[2024-06-30 14:34:01] [INFO] Server: Server started on port 5000
[2024-06-30 14:34:01] [INFO] MongoDB: Connected with MongoDB Database Engine
[2024-06-30 14:34:01] [INFO] Redis: Connected with Redis Database Engine
[2024-06-30 14:34:01] [INFO] Sync: Synced 3 users
[2024-06-30 14:34:01] [INFO] Master worker: Job 1509 completed with result undefined
[2024-06-30 14:34:24] [INFO] Server: Server started on port 5000
[2024-06-30 14:34:24] [INFO] MongoDB: Connected with MongoDB Database Engine
[2024-06-30 14:34:24] [INFO] Redis: Connected with Redis Database Engine
[2024-06-30 14:34:24] [INFO] Sync: Synced 3 users
[2024-06-30 14:34:26] [INFO] Master worker: Job 1510 completed with result undefined
[2024-06-30 14:35:01] [INFO] Server: Server started on port 5000
[2024-06-30 14:35:01] [INFO] MongoDB: Connected with MongoDB Database Engine
[2024-06-30 14:35:01] [INFO] Redis: Connected with Redis Database Engine
[2024-06-30 14:35:01] [INFO] Sync: Synced 3 users
[2024-06-30 14:36:00] [INFO] Server: Server started on port 5000
[2024-06-30 14:36:00] [INFO] MongoDB: Connected with MongoDB Database Engine
[2024-06-30 14:36:00] [INFO] Redis: Connected with Redis Database Engine
[2024-06-30 14:36:00] [INFO] Sync: Synced 3 users
[2024-06-30 14:36:11] [INFO] Server: Server started on port 5000
[2024-06-30 14:36:11] [INFO] MongoDB: Connected with MongoDB Database Engine
[2024-06-30 14:36:11] [INFO] Redis: Connected with Redis Database Engine
[2024-06-30 14:36:11] [INFO] Sync: Synced 3 users
[2024-06-30 14:37:02] [INFO] Server: Server started on port 5000
[2024-06-30 14:37:02] [INFO] MongoDB: Connected with MongoDB Database Engine
[2024-06-30 14:37:02] [INFO] Redis: Connected with Redis Database Engine
[2024-06-30 14:37:02] [INFO] Sync: Synced 3 users
[2024-06-30 14:37:12] [INFO] Server: Server started on port 5000
[2024-06-30 14:37:12] [INFO] MongoDB: Connected with MongoDB Database Engine
[2024-06-30 14:37:12] [INFO] Redis: Connected with Redis Database Engine
[2024-06-30 14:37:12] [INFO] Sync: Synced 3 users
[2024-06-30 14:37:31] [INFO] Server: Server started on port 5000
[2024-06-30 14:37:31] [INFO] MongoDB: Connected with MongoDB Database Engine
[2024-06-30 14:37:31] [INFO] Redis: Connected with Redis Database Engine
[2024-06-30 14:37:31] [INFO] Sync: Synced 3 users
[2024-06-30 14:37:32] [INFO] Master worker: Job 1511 completed with result undefined
[2024-06-30 14:38:28] [INFO] Server: Server started on port 5000
[2024-06-30 14:38:28] [INFO] MongoDB: Connected with MongoDB Database Engine
[2024-06-30 14:38:29] [INFO] Redis: Connected with Redis Database Engine
[2024-06-30 14:38:29] [INFO] Sync: Synced 3 users
[2024-06-30 14:38:39] [INFO] Server: Server started on port 5000
[2024-06-30 14:38:39] [INFO] MongoDB: Connected with MongoDB Database Engine
[2024-06-30 14:38:39] [INFO] Redis: Connected with Redis Database Engine
[2024-06-30 14:38:39] [INFO] Sync: Synced 3 users
[2024-06-30 14:38:49] [INFO] Server: Server started on port 5000
[2024-06-30 14:38:49] [INFO] MongoDB: Connected with MongoDB Database Engine
[2024-06-30 14:38:49] [INFO] Redis: Connected with Redis Database Engine
[2024-06-30 14:38:49] [INFO] Sync: Synced 3 users
[2024-06-30 14:40:35] [INFO] Server: Server started on port 5000
[2024-06-30 14:40:35] [INFO] MongoDB: Connected with MongoDB Database Engine
[2024-06-30 14:40:35] [INFO] Redis: Connected with Redis Database Engine
[2024-06-30 14:40:35] [INFO] Sync: Synced 3 users
[2024-06-30 14:41:11] [INFO] Server: Server started on port 5000
[2024-06-30 14:41:11] [INFO] MongoDB: Connected with MongoDB Database Engine
[2024-06-30 14:41:11] [INFO] Redis: Connected with Redis Database Engine
[2024-06-30 14:41:11] [INFO] Sync: Synced 3 users
[2024-06-30 14:41:17] [INFO] Server: Server started on port 5000
[2024-06-30 14:41:17] [INFO] MongoDB: Connected with MongoDB Database Engine
[2024-06-30 14:41:17] [INFO] Redis: Connected with Redis Database Engine
[2024-06-30 14:41:17] [INFO] Sync: Synced 3 users
[2024-06-30 14:41:55] [INFO] Server: Server started on port 5000
[2024-06-30 14:41:55] [INFO] MongoDB: Connected with MongoDB Database Engine
[2024-06-30 14:41:55] [INFO] Redis: Connected with Redis Database Engine
[2024-06-30 14:41:55] [INFO] Sync: Synced 3 users
[2024-06-30 14:45:21] [INFO] Server: Server started on port 5000
[2024-06-30 14:45:21] [INFO] MongoDB: Connected with MongoDB Database Engine
[2024-06-30 14:45:21] [INFO] Redis: Connected with Redis Database Engine
[2024-06-30 14:45:21] [INFO] Sync: Synced 3 users
[2024-06-30 14:45:46] [INFO] Server: Server started on port 5000
[2024-06-30 14:45:46] [INFO] MongoDB: Connected with MongoDB Database Engine
[2024-06-30 14:45:46] [INFO] Redis: Connected with Redis Database Engine
[2024-06-30 14:45:46] [INFO] Sync: Synced 3 users
[2024-06-30 14:48:16] [INFO] Server: Server started on port 5000
[2024-06-30 14:48:16] [INFO] MongoDB: Connected with MongoDB Database Engine
[2024-06-30 14:48:16] [INFO] Redis: Connected with Redis Database Engine
[2024-06-30 14:48:17] [INFO] Sync: Synced 3 users
[2024-06-30 14:48:32] [INFO] Server: Server started on port 5000
[2024-06-30 14:48:32] [INFO] MongoDB: Connected with MongoDB Database Engine
[2024-06-30 14:48:32] [INFO] Redis: Connected with Redis Database Engine
[2024-06-30 14:48:32] [INFO] Sync: Synced 3 users
[2024-06-30 14:48:44] [INFO] Server: Server started on port 5000
[2024-06-30 14:48:44] [INFO] MongoDB: Connected with MongoDB Database Engine
[2024-06-30 14:48:44] [INFO] Redis: Connected with Redis Database Engine
[2024-06-30 14:48:44] [INFO] Sync: Synced 3 users
[2024-06-30 14:50:13] [INFO] Server: Server started on port 5000
[2024-06-30 14:50:13] [INFO] MongoDB: Connected with MongoDB Database Engine
[2024-06-30 14:50:13] [INFO] Redis: Connected with Redis Database Engine
[2024-06-30 14:50:13] [INFO] Sync: Synced 3 users
[2024-06-30 14:50:44] [INFO] Server: Server started on port 5000
[2024-06-30 14:50:44] [INFO] MongoDB: Connected with MongoDB Database Engine
[2024-06-30 14:50:44] [INFO] Redis: Connected with Redis Database Engine
[2024-06-30 14:50:44] [INFO] Sync: Synced 3 users
[2024-06-30 14:51:03] [INFO] Master worker: Job 1512 completed with result undefined
[2024-06-30 14:52:01] [INFO] Master worker: Job 1513 completed with result undefined
[2024-06-30 14:52:12] [INFO] Master worker: Job 1514 completed with result undefined
[2024-06-30 14:52:26] [INFO] Master worker: Job 1515 completed with result undefined
[2024-06-30 14:52:48] [INFO] Server: Server started on port 5000
[2024-06-30 14:52:48] [INFO] MongoDB: Connected with MongoDB Database Engine
[2024-06-30 14:52:48] [INFO] Redis: Connected with Redis Database Engine
[2024-06-30 14:52:48] [INFO] Sync: Synced 3 users
[2024-06-30 14:53:51] [INFO] Server: Server started on port 5000
[2024-06-30 14:53:51] [INFO] MongoDB: Connected with MongoDB Database Engine
[2024-06-30 14:53:51] [INFO] Redis: Connected with Redis Database Engine
[2024-06-30 14:53:51] [INFO] Sync: Synced 3 users
[2024-06-30 15:15:48] [INFO] Server: Server started on port 5000
[2024-06-30 15:15:48] [INFO] MongoDB: Connected with MongoDB Database Engine
[2024-06-30 15:15:48] [INFO] Redis: Connected with Redis Database Engine
[2024-06-30 15:15:48] [INFO] Sync: Synced 3 users
[2024-06-30 15:16:10] [INFO] Server: Server started on port 5000
[2024-06-30 15:16:10] [INFO] MongoDB: Connected with MongoDB Database Engine
[2024-06-30 15:16:10] [INFO] Redis: Connected with Redis Database Engine
[2024-06-30 15:16:10] [INFO] Sync: Synced 3 users
[2024-06-30 15:16:18] [INFO] Server: Server started on port 5000
[2024-06-30 15:16:18] [INFO] MongoDB: Connected with MongoDB Database Engine
[2024-06-30 15:16:18] [INFO] Redis: Connected with Redis Database Engine
[2024-06-30 15:16:18] [INFO] Sync: Synced 3 users
[2024-06-30 15:16:26] [INFO] Server: Server started on port 5000
[2024-06-30 15:16:26] [INFO] MongoDB: Connected with MongoDB Database Engine
[2024-06-30 15:16:26] [INFO] Redis: Connected with Redis Database Engine
[2024-06-30 15:16:26] [INFO] Sync: Synced 3 users
[2024-06-30 15:16:44] [INFO] Server: Server started on port 5000
[2024-06-30 15:16:44] [INFO] MongoDB: Connected with MongoDB Database Engine
[2024-06-30 15:16:44] [INFO] Redis: Connected with Redis Database Engine
[2024-06-30 15:16:44] [INFO] Sync: Synced 3 users
[2024-06-30 15:19:15] [INFO] Server: Server started on port 5000
[2024-06-30 15:19:15] [INFO] MongoDB: Connected with MongoDB Database Engine
[2024-06-30 15:19:15] [INFO] Redis: Connected with Redis Database Engine
[2024-06-30 15:19:15] [INFO] Sync: Synced 3 users
[2024-06-30 15:19:27] [INFO] Server: Server started on port 5000
[2024-06-30 15:19:27] [INFO] MongoDB: Connected with MongoDB Database Engine
[2024-06-30 15:19:27] [INFO] Redis: Connected with Redis Database Engine
[2024-06-30 15:19:27] [INFO] Sync: Synced 3 users
[2024-06-30 15:19:48] [INFO] Server: Server started on port 5000
[2024-06-30 15:19:48] [INFO] MongoDB: Connected with MongoDB Database Engine
[2024-06-30 15:19:48] [INFO] Redis: Connected with Redis Database Engine
[2024-06-30 15:19:48] [INFO] Sync: Synced 3 users
[2024-06-30 15:20:03] [INFO] Server: Server started on port 5000
[2024-06-30 15:20:03] [INFO] MongoDB: Connected with MongoDB Database Engine
[2024-06-30 15:20:03] [INFO] Redis: Connected with Redis Database Engine
[2024-06-30 15:20:03] [INFO] Sync: Synced 3 users
[2024-06-30 15:20:09] [INFO] Server: Server started on port 5000
[2024-06-30 15:20:09] [INFO] MongoDB: Connected with MongoDB Database Engine
[2024-06-30 15:20:09] [INFO] Redis: Connected with Redis Database Engine
[2024-06-30 15:20:09] [INFO] Sync: Synced 3 users
[2024-06-30 15:20:38] [INFO] Server: Server started on port 5000
[2024-06-30 15:20:38] [INFO] MongoDB: Connected with MongoDB Database Engine
[2024-06-30 15:20:38] [INFO] Redis: Connected with Redis Database Engine
[2024-06-30 15:20:38] [INFO] Sync: Synced 3 users
[2024-06-30 15:20:53] [INFO] Server: Server started on port 5000
[2024-06-30 15:20:53] [INFO] MongoDB: Connected with MongoDB Database Engine
[2024-06-30 15:20:53] [INFO] Redis: Connected with Redis Database Engine
[2024-06-30 15:20:53] [INFO] Sync: Synced 3 users
[2024-06-30 15:21:05] [INFO] Server: Server started on port 5000
[2024-06-30 15:21:05] [INFO] MongoDB: Connected with MongoDB Database Engine
[2024-06-30 15:21:05] [INFO] Redis: Connected with Redis Database Engine
[2024-06-30 15:21:05] [INFO] Sync: Synced 3 users
[2024-06-30 15:21:36] [INFO] Server: Server started on port 5000
[2024-06-30 15:21:36] [INFO] MongoDB: Connected with MongoDB Database Engine
[2024-06-30 15:21:36] [INFO] Redis: Connected with Redis Database Engine
[2024-06-30 15:21:36] [INFO] Sync: Synced 3 users
[2024-06-30 15:22:06] [INFO] Server: Server started on port 5000
[2024-06-30 15:22:06] [INFO] MongoDB: Connected with MongoDB Database Engine
[2024-06-30 15:22:07] [INFO] Redis: Connected with Redis Database Engine
[2024-06-30 15:22:07] [INFO] Sync: Synced 3 users
[2024-06-30 15:22:40] [INFO] Server: Server started on port 5000
[2024-06-30 15:22:40] [INFO] MongoDB: Connected with MongoDB Database Engine
[2024-06-30 15:22:40] [INFO] Redis: Connected with Redis Database Engine
[2024-06-30 15:22:40] [INFO] Sync: Synced 3 users
[2024-06-30 15:23:22] [INFO] Server: Server started on port 5000
[2024-06-30 15:23:22] [INFO] MongoDB: Connected with MongoDB Database Engine
[2024-06-30 15:23:22] [INFO] Redis: Connected with Redis Database Engine
[2024-06-30 15:23:22] [INFO] Sync: Synced 3 users
[2024-06-30 15:32:49] [INFO] Server: Server started on port 5000
[2024-06-30 15:32:49] [INFO] MongoDB: Connected with MongoDB Database Engine
[2024-06-30 15:32:49] [INFO] Redis: Connected with Redis Database Engine
[2024-06-30 15:32:49] [INFO] Sync: Synced 3 users
[2024-06-30 15:33:25] [INFO] Server: Server started on port 5000
[2024-06-30 15:33:25] [INFO] MongoDB: Connected with MongoDB Database Engine
[2024-06-30 15:33:25] [INFO] Redis: Connected with Redis Database Engine
[2024-06-30 15:33:25] [INFO] Sync: Synced 3 users
[2024-06-30 15:34:17] [INFO] Server: Server started on port 5000
[2024-06-30 15:34:17] [INFO] MongoDB: Connected with MongoDB Database Engine
[2024-06-30 15:34:17] [INFO] Redis: Connected with Redis Database Engine
[2024-06-30 15:34:17] [INFO] Sync: Synced 3 users
[2024-06-30 15:35:33] [INFO] Server: Server started on port 5000
[2024-06-30 15:35:33] [INFO] MongoDB: Connected with MongoDB Database Engine
[2024-06-30 15:35:33] [INFO] Redis: Connected with Redis Database Engine
[2024-06-30 15:35:33] [INFO] Sync: Synced 3 users
[2024-06-30 16:11:03] [INFO] Server: Server started on port 5000
[2024-06-30 16:11:03] [INFO] MongoDB: Connected with MongoDB Database Engine
[2024-06-30 16:11:03] [INFO] Redis: Connected with Redis Database Engine
[2024-06-30 16:11:03] [INFO] Sync: Synced 3 users
[2024-06-30 16:11:11] [INFO] Server: Server started on port 5000
[2024-06-30 16:11:11] [INFO] MongoDB: Connected with MongoDB Database Engine
[2024-06-30 16:11:11] [INFO] Redis: Connected with Redis Database Engine
[2024-06-30 16:11:11] [INFO] Sync: Synced 3 users
[2024-06-30 16:11:34] [INFO] Server: Server started on port 5000
[2024-06-30 16:11:34] [INFO] MongoDB: Connected with MongoDB Database Engine
[2024-06-30 16:11:34] [INFO] Redis: Connected with Redis Database Engine
[2024-06-30 16:11:34] [INFO] Sync: Synced 3 users
[2024-06-30 16:11:47] [INFO] Server: Server started on port 5000
[2024-06-30 16:11:47] [INFO] MongoDB: Connected with MongoDB Database Engine
[2024-06-30 16:11:47] [INFO] Redis: Connected with Redis Database Engine
[2024-06-30 16:11:47] [INFO] Sync: Synced 3 users
[2024-06-30 16:12:01] [INFO] Server: Server started on port 5000
[2024-06-30 16:12:01] [INFO] MongoDB: Connected with MongoDB Database Engine
[2024-06-30 16:12:01] [INFO] Redis: Connected with Redis Database Engine
[2024-06-30 16:12:01] [INFO] Sync: Synced 3 users
[2024-06-30 16:12:17] [INFO] Server: Server started on port 5000
[2024-06-30 16:12:17] [INFO] MongoDB: Connected with MongoDB Database Engine
[2024-06-30 16:12:17] [INFO] Redis: Connected with Redis Database Engine
[2024-06-30 16:12:17] [INFO] Sync: Synced 3 users
[2024-06-30 16:12:52] [INFO] Server: Server started on port 5000
[2024-06-30 16:12:52] [INFO] MongoDB: Connected with MongoDB Database Engine
[2024-06-30 16:12:52] [INFO] Redis: Connected with Redis Database Engine
[2024-06-30 16:12:52] [INFO] Sync: Synced 3 users
[2024-06-30 16:13:03] [INFO] Server: Server started on port 5000
[2024-06-30 16:13:03] [INFO] MongoDB: Connected with MongoDB Database Engine
[2024-06-30 16:13:03] [INFO] Redis: Connected with Redis Database Engine
[2024-06-30 16:13:03] [INFO] Sync: Synced 3 users
[2024-06-30 16:13:12] [INFO] Server: Server started on port 5000
[2024-06-30 16:13:12] [INFO] MongoDB: Connected with MongoDB Database Engine
[2024-06-30 16:13:12] [INFO] Redis: Connected with Redis Database Engine
[2024-06-30 16:13:12] [INFO] Sync: Synced 3 users
[2024-06-30 16:13:32] [INFO] Server: Server started on port 5000
[2024-06-30 16:13:32] [INFO] MongoDB: Connected with MongoDB Database Engine
[2024-06-30 16:13:32] [INFO] Redis: Connected with Redis Database Engine
[2024-06-30 16:13:32] [INFO] Sync: Synced 3 users
[2024-06-30 16:13:44] [INFO] Server: Server started on port 5000
[2024-06-30 16:13:44] [INFO] MongoDB: Connected with MongoDB Database Engine
[2024-06-30 16:13:45] [INFO] Redis: Connected with Redis Database Engine
[2024-06-30 16:13:45] [INFO] Sync: Synced 3 users
[2024-06-30 16:14:17] [INFO] Server: Server started on port 5000
[2024-06-30 16:14:17] [INFO] MongoDB: Connected with MongoDB Database Engine
[2024-06-30 16:14:17] [INFO] Redis: Connected with Redis Database Engine
[2024-06-30 16:14:17] [INFO] Sync: Synced 3 users
[2024-06-30 16:14:25] [INFO] Server: Server started on port 5000
[2024-06-30 16:14:25] [INFO] MongoDB: Connected with MongoDB Database Engine
[2024-06-30 16:14:25] [INFO] Redis: Connected with Redis Database Engine
[2024-06-30 16:14:25] [INFO] Sync: Synced 3 users
[2024-06-30 16:15:07] [INFO] Server: Server started on port 5000
[2024-06-30 16:15:07] [INFO] MongoDB: Connected with MongoDB Database Engine
[2024-06-30 16:15:07] [INFO] Redis: Connected with Redis Database Engine
[2024-06-30 16:15:07] [INFO] Sync: Synced 3 users
[2024-06-30 16:15:17] [INFO] Server: Server started on port 5000
[2024-06-30 16:15:17] [INFO] MongoDB: Connected with MongoDB Database Engine
[2024-06-30 16:15:17] [INFO] Redis: Connected with Redis Database Engine
[2024-06-30 16:15:17] [INFO] Sync: Synced 3 users
[2024-06-30 16:15:29] [INFO] Server: Server started on port 5000
[2024-06-30 16:15:29] [INFO] MongoDB: Connected with MongoDB Database Engine
[2024-06-30 16:15:29] [INFO] Redis: Connected with Redis Database Engine
[2024-06-30 16:15:29] [INFO] Sync: Synced 3 users
[2024-06-30 16:16:01] [INFO] Server: Server started on port 5000
[2024-06-30 16:16:01] [INFO] MongoDB: Connected with MongoDB Database Engine
[2024-06-30 16:16:01] [INFO] Redis: Connected with Redis Database Engine
[2024-06-30 16:16:01] [INFO] Sync: Synced 3 users
[2024-06-30 16:17:07] [INFO] Server: Server started on port 5000
[2024-06-30 16:17:07] [INFO] MongoDB: Connected with MongoDB Database Engine
[2024-06-30 16:17:07] [INFO] Redis: Connected with Redis Database Engine
[2024-06-30 16:17:07] [INFO] Sync: Synced 3 users
[2024-06-30 16:17:16] [INFO] Server: Server started on port 5000
[2024-06-30 16:17:16] [INFO] MongoDB: Connected with MongoDB Database Engine
[2024-06-30 16:17:16] [INFO] Redis: Connected with Redis Database Engine
[2024-06-30 16:17:16] [INFO] Sync: Synced 3 users
[2024-06-30 16:17:45] [INFO] Server: Server started on port 5000
[2024-06-30 16:17:45] [INFO] MongoDB: Connected with MongoDB Database Engine
[2024-06-30 16:17:45] [INFO] Redis: Connected with Redis Database Engine
[2024-06-30 16:17:45] [INFO] Sync: Synced 3 users
[2024-06-30 16:17:55] [INFO] Server: Server started on port 5000
[2024-06-30 16:17:55] [INFO] MongoDB: Connected with MongoDB Database Engine
[2024-06-30 16:17:55] [INFO] Redis: Connected with Redis Database Engine
[2024-06-30 16:17:55] [INFO] Sync: Synced 3 users
[2024-06-30 16:56:12] [INFO] Server: Server started on port 5000
[2024-06-30 16:56:12] [INFO] MongoDB: Connected with MongoDB Database Engine
[2024-06-30 16:56:12] [INFO] Redis: Connected with Redis Database Engine
[2024-06-30 16:56:12] [INFO] Sync: Synced 3 users
[2024-06-30 16:56:20] [INFO] Server: Server started on port 5000
[2024-06-30 16:56:20] [INFO] MongoDB: Connected with MongoDB Database Engine
[2024-06-30 16:56:20] [INFO] Redis: Connected with Redis Database Engine
[2024-06-30 16:56:20] [INFO] Sync: Synced 3 users
[2024-06-30 16:56:30] [INFO] Server: Server started on port 5000
[2024-06-30 16:56:30] [INFO] MongoDB: Connected with MongoDB Database Engine
[2024-06-30 16:56:30] [INFO] Redis: Connected with Redis Database Engine
[2024-06-30 16:56:30] [INFO] Sync: Synced 3 users
[2024-06-30 16:56:39] [INFO] Server: Server started on port 5000
[2024-06-30 16:56:39] [INFO] MongoDB: Connected with MongoDB Database Engine
[2024-06-30 16:56:39] [INFO] Redis: Connected with Redis Database Engine
[2024-06-30 16:56:39] [INFO] Sync: Synced 3 users
[2024-06-30 16:56:50] [INFO] Server: Server started on port 5000
[2024-06-30 16:56:50] [INFO] MongoDB: Connected with MongoDB Database Engine
[2024-06-30 16:56:50] [INFO] Redis: Connected with Redis Database Engine
[2024-06-30 16:56:50] [INFO] Sync: Synced 3 users
[2024-06-30 16:57:01] [INFO] Server: Server started on port 5000
[2024-06-30 16:57:01] [INFO] MongoDB: Connected with MongoDB Database Engine
[2024-06-30 16:57:01] [INFO] Redis: Connected with Redis Database Engine
[2024-06-30 16:57:01] [INFO] Sync: Synced 3 users
[2024-06-30 16:58:02] [INFO] Server: Server started on port 5000
[2024-06-30 16:58:02] [INFO] MongoDB: Connected with MongoDB Database Engine
[2024-06-30 16:58:02] [INFO] Redis: Connected with Redis Database Engine
[2024-06-30 16:58:02] [INFO] Sync: Synced 3 users
[2024-06-30 17:02:08] [INFO] Server: Server started on port 5000
[2024-06-30 17:02:08] [INFO] MongoDB: Connected with MongoDB Database Engine
[2024-06-30 17:02:08] [INFO] Redis: Connected with Redis Database Engine
[2024-06-30 17:02:08] [INFO] Sync: Synced 3 users
[2024-06-30 17:02:17] [INFO] Server: Server started on port 5000
[2024-06-30 17:02:17] [INFO] MongoDB: Connected with MongoDB Database Engine
[2024-06-30 17:02:17] [INFO] Redis: Connected with Redis Database Engine
[2024-06-30 17:02:17] [INFO] Sync: Synced 3 users
[2024-06-30 17:02:39] [INFO] Server: Server started on port 5000
[2024-06-30 17:02:39] [INFO] MongoDB: Connected with MongoDB Database Engine
[2024-06-30 17:02:39] [INFO] Redis: Connected with Redis Database Engine
[2024-06-30 17:02:39] [INFO] Sync: Synced 3 users
[2024-06-30 17:02:49] [INFO] Server: Server started on port 5000
[2024-06-30 17:02:49] [INFO] MongoDB: Connected with MongoDB Database Engine
[2024-06-30 17:02:49] [INFO] Redis: Connected with Redis Database Engine
[2024-06-30 17:02:49] [INFO] Sync: Synced 3 users
[2024-06-30 17:02:59] [INFO] Server: Server started on port 5000
[2024-06-30 17:02:59] [INFO] MongoDB: Connected with MongoDB Database Engine
[2024-06-30 17:02:59] [INFO] Redis: Connected with Redis Database Engine
[2024-06-30 17:02:59] [INFO] Sync: Synced 3 users
[2024-06-30 17:03:07] [INFO] Server: Server started on port 5000
[2024-06-30 17:03:07] [INFO] MongoDB: Connected with MongoDB Database Engine
[2024-06-30 17:03:07] [INFO] Redis: Connected with Redis Database Engine
[2024-06-30 17:03:07] [INFO] Sync: Synced 3 users
[2024-06-30 17:03:42] [INFO] Server: Server started on port 5000
[2024-06-30 17:03:42] [INFO] MongoDB: Connected with MongoDB Database Engine
[2024-06-30 17:03:42] [INFO] Redis: Connected with Redis Database Engine
[2024-06-30 17:03:42] [INFO] Sync: Synced 3 users
[2024-06-30 17:04:05] [INFO] Server: Server started on port 5000
[2024-06-30 17:04:05] [INFO] MongoDB: Connected with MongoDB Database Engine
[2024-06-30 17:04:05] [INFO] Redis: Connected with Redis Database Engine
[2024-06-30 17:04:05] [INFO] Sync: Synced 3 users
[2024-06-30 17:05:23] [INFO] Server: Server started on port 5000
[2024-06-30 17:05:23] [INFO] MongoDB: Connected with MongoDB Database Engine
[2024-06-30 17:05:23] [INFO] Redis: Connected with Redis Database Engine
[2024-06-30 17:05:23] [INFO] Sync: Synced 3 users
[2024-06-30 17:06:32] [INFO] Server: Server started on port 5000
[2024-06-30 17:06:32] [INFO] MongoDB: Connected with MongoDB Database Engine
[2024-06-30 17:06:32] [INFO] Redis: Connected with Redis Database Engine
[2024-06-30 17:06:32] [INFO] Sync: Synced 3 users
[2024-06-30 17:07:49] [INFO] Server: Server started on port 5000
[2024-06-30 17:07:49] [INFO] MongoDB: Connected with MongoDB Database Engine
[2024-06-30 17:07:49] [INFO] Redis: Connected with Redis Database Engine
[2024-06-30 17:07:49] [INFO] Sync: Synced 3 users
[2024-06-30 17:07:55] [INFO] Server: Server started on port 5000
[2024-06-30 17:07:55] [INFO] MongoDB: Connected with MongoDB Database Engine
[2024-06-30 17:07:55] [INFO] Redis: Connected with Redis Database Engine
[2024-06-30 17:07:55] [INFO] Sync: Synced 3 users
[2024-06-30 17:08:03] [INFO] Server: Server started on port 5000
[2024-06-30 17:08:03] [INFO] MongoDB: Connected with MongoDB Database Engine
[2024-06-30 17:08:03] [INFO] Redis: Connected with Redis Database Engine
[2024-06-30 17:08:03] [INFO] Sync: Synced 3 users
[2024-06-30 17:08:28] [INFO] Server: Server started on port 5000
[2024-06-30 17:08:28] [INFO] MongoDB: Connected with MongoDB Database Engine
[2024-06-30 17:08:28] [INFO] Redis: Connected with Redis Database Engine
[2024-06-30 17:08:28] [INFO] Sync: Synced 3 users
[2024-06-30 17:08:38] [INFO] Server: Server started on port 5000
[2024-06-30 17:08:38] [INFO] MongoDB: Connected with MongoDB Database Engine
[2024-06-30 17:08:38] [INFO] Redis: Connected with Redis Database Engine
[2024-06-30 17:08:38] [INFO] Sync: Synced 3 users
[2024-06-30 17:08:54] [INFO] Server: Server started on port 5000
[2024-06-30 17:08:54] [INFO] MongoDB: Connected with MongoDB Database Engine
[2024-06-30 17:08:54] [INFO] Redis: Connected with Redis Database Engine
[2024-06-30 17:08:54] [INFO] Sync: Synced 3 users
[2024-06-30 17:09:09] [INFO] Server: Server started on port 5000
[2024-06-30 17:09:09] [INFO] MongoDB: Connected with MongoDB Database Engine
[2024-06-30 17:09:09] [INFO] Redis: Connected with Redis Database Engine
[2024-06-30 17:09:09] [INFO] Sync: Synced 3 users
[2024-06-30 17:09:30] [INFO] Server: Server started on port 5000
[2024-06-30 17:09:30] [INFO] MongoDB: Connected with MongoDB Database Engine
[2024-06-30 17:09:30] [INFO] Redis: Connected with Redis Database Engine
[2024-06-30 17:09:30] [INFO] Sync: Synced 3 users
[2024-06-30 17:09:43] [INFO] Server: Server started on port 5000
[2024-06-30 17:09:43] [INFO] MongoDB: Connected with MongoDB Database Engine
[2024-06-30 17:09:43] [INFO] Redis: Connected with Redis Database Engine
[2024-06-30 17:09:43] [INFO] Sync: Synced 3 users
[2024-06-30 17:10:14] [INFO] Server: Server started on port 5000
[2024-06-30 17:10:14] [INFO] MongoDB: Connected with MongoDB Database Engine
[2024-06-30 17:10:15] [INFO] Redis: Connected with Redis Database Engine
[2024-06-30 17:10:15] [INFO] Sync: Synced 3 users
[2024-06-30 17:10:43] [INFO] Server: Server started on port 5000
[2024-06-30 17:10:43] [INFO] MongoDB: Connected with MongoDB Database Engine
[2024-06-30 17:10:43] [INFO] Redis: Connected with Redis Database Engine
[2024-06-30 17:10:43] [INFO] Sync: Synced 3 users
[2024-06-30 17:11:11] [INFO] Server: Server started on port 5000
[2024-06-30 17:11:11] [INFO] MongoDB: Connected with MongoDB Database Engine
[2024-06-30 17:11:11] [INFO] Redis: Connected with Redis Database Engine
[2024-06-30 17:11:12] [INFO] Sync: Synced 3 users
[2024-06-30 17:11:23] [INFO] Server: Server started on port 5000
[2024-06-30 17:11:23] [INFO] MongoDB: Connected with MongoDB Database Engine
[2024-06-30 17:11:24] [INFO] Redis: Connected with Redis Database Engine
[2024-06-30 17:11:24] [INFO] Sync: Synced 3 users
[2024-06-30 17:11:37] [INFO] Server: Server started on port 5000
[2024-06-30 17:11:37] [INFO] MongoDB: Connected with MongoDB Database Engine
[2024-06-30 17:11:37] [INFO] Redis: Connected with Redis Database Engine
[2024-06-30 17:11:37] [INFO] Sync: Synced 3 users
[2024-06-30 17:11:47] [INFO] Server: Server started on port 5000
[2024-06-30 17:11:47] [INFO] MongoDB: Connected with MongoDB Database Engine
[2024-06-30 17:11:47] [INFO] Redis: Connected with Redis Database Engine
[2024-06-30 17:11:47] [INFO] Sync: Synced 3 users
[2024-06-30 17:12:16] [INFO] Server: Server started on port 5000
[2024-06-30 17:12:16] [INFO] MongoDB: Connected with MongoDB Database Engine
[2024-06-30 17:12:16] [INFO] Redis: Connected with Redis Database Engine
[2024-06-30 17:12:16] [INFO] Sync: Synced 3 users
[2024-06-30 17:13:40] [INFO] Server: Server started on port 5000
[2024-06-30 17:13:40] [INFO] MongoDB: Connected with MongoDB Database Engine
[2024-06-30 17:13:41] [INFO] Redis: Connected with Redis Database Engine
[2024-06-30 17:13:41] [INFO] Sync: Synced 3 users
[2024-06-30 17:15:42] [INFO] Server: Server started on port 5000
[2024-06-30 17:15:42] [INFO] MongoDB: Connected with MongoDB Database Engine
[2024-06-30 17:15:42] [INFO] Redis: Connected with Redis Database Engine
[2024-06-30 17:15:42] [INFO] Sync: Synced 3 users
[2024-06-30 17:16:02] [INFO] Master worker: Job 1517 completed with result undefined
[2024-06-30 17:17:20] [INFO] Master worker: Job 1518 completed with result undefined
[2024-06-30 17:17:57] [INFO] Server: Server started on port 5000
[2024-06-30 17:17:57] [INFO] MongoDB: Connected with MongoDB Database Engine
[2024-06-30 17:17:57] [INFO] Redis: Connected with Redis Database Engine
[2024-06-30 17:17:57] [INFO] Sync: Synced 3 users
[2024-06-30 17:18:13] [INFO] Master worker: Job 1519 completed with result undefined
[2024-06-30 17:19:24] [INFO] Server: Server started on port 5000
[2024-06-30 17:19:24] [INFO] MongoDB: Connected with MongoDB Database Engine
[2024-06-30 17:19:24] [INFO] Redis: Connected with Redis Database Engine
[2024-06-30 17:19:24] [INFO] Sync: Synced 3 users
[2024-06-30 17:19:48] [INFO] Server: Server started on port 5000
[2024-06-30 17:19:48] [INFO] MongoDB: Connected with MongoDB Database Engine
[2024-06-30 17:19:48] [INFO] Redis: Connected with Redis Database Engine
[2024-06-30 17:19:48] [INFO] Sync: Synced 3 users
[2024-06-30 17:20:12] [INFO] Server: Server started on port 5000
[2024-06-30 17:20:12] [INFO] MongoDB: Connected with MongoDB Database Engine
[2024-06-30 17:20:12] [INFO] Redis: Connected with Redis Database Engine
[2024-06-30 17:20:12] [INFO] Sync: Synced 3 users
[2024-06-30 17:21:02] [INFO] Server: Server started on port 5000
[2024-06-30 17:21:02] [INFO] MongoDB: Connected with MongoDB Database Engine
[2024-06-30 17:21:02] [INFO] Redis: Connected with Redis Database Engine
[2024-06-30 17:21:02] [INFO] Sync: Synced 3 users
[2024-06-30 17:21:14] [INFO] Server: Server started on port 5000
[2024-06-30 17:21:14] [INFO] MongoDB: Connected with MongoDB Database Engine
[2024-06-30 17:21:14] [INFO] Redis: Connected with Redis Database Engine
[2024-06-30 17:21:14] [INFO] Sync: Synced 3 users
[2024-06-30 17:21:21] [INFO] Server: Server started on port 5000
[2024-06-30 17:21:21] [INFO] MongoDB: Connected with MongoDB Database Engine
[2024-06-30 17:21:22] [INFO] Redis: Connected with Redis Database Engine
[2024-06-30 17:21:22] [INFO] Sync: Synced 3 users
[2024-06-30 17:22:36] [INFO] Server: Server started on port 5000
[2024-06-30 17:22:36] [INFO] MongoDB: Connected with MongoDB Database Engine
[2024-06-30 17:22:36] [INFO] Redis: Connected with Redis Database Engine
[2024-06-30 17:22:36] [INFO] Sync: Synced 3 users
[2024-06-30 17:22:46] [INFO] Server: Server started on port 5000
[2024-06-30 17:22:46] [INFO] MongoDB: Connected with MongoDB Database Engine
[2024-06-30 17:22:46] [INFO] Redis: Connected with Redis Database Engine
[2024-06-30 17:22:46] [INFO] Sync: Synced 3 users
[2024-06-30 17:23:02] [INFO] Server: Server started on port 5000
[2024-06-30 17:23:02] [INFO] MongoDB: Connected with MongoDB Database Engine
[2024-06-30 17:23:02] [INFO] Redis: Connected with Redis Database Engine
[2024-06-30 17:23:02] [INFO] Sync: Synced 3 users
[2024-06-30 17:23:12] [INFO] Server: Server started on port 5000
[2024-06-30 17:23:12] [INFO] MongoDB: Connected with MongoDB Database Engine
[2024-06-30 17:23:12] [INFO] Redis: Connected with Redis Database Engine
[2024-06-30 17:23:12] [INFO] Sync: Synced 3 users
[2024-06-30 17:24:35] [INFO] Server: Server started on port 5000
[2024-06-30 17:24:35] [INFO] MongoDB: Connected with MongoDB Database Engine
[2024-06-30 17:24:35] [INFO] Redis: Connected with Redis Database Engine
[2024-06-30 17:24:35] [INFO] Sync: Synced 3 users
[2024-06-30 17:25:45] [INFO] Server: Server started on port 5000
[2024-06-30 17:25:45] [INFO] MongoDB: Connected with MongoDB Database Engine
[2024-06-30 17:25:55] [INFO] Server: Server started on port 5000
[2024-06-30 17:25:55] [INFO] MongoDB: Connected with MongoDB Database Engine
[2024-06-30 17:25:55] [INFO] Redis: Connected with Redis Database Engine
[2024-06-30 17:25:55] [INFO] Sync: Synced 3 users
[2024-06-30 17:26:05] [INFO] Server: Server started on port 5000
[2024-06-30 17:26:05] [INFO] MongoDB: Connected with MongoDB Database Engine
[2024-06-30 17:26:05] [INFO] Redis: Connected with Redis Database Engine
[2024-06-30 17:26:05] [INFO] Sync: Synced 3 users
[2024-06-30 17:26:42] [INFO] Server: Server started on port 5000
[2024-06-30 17:26:42] [INFO] MongoDB: Connected with MongoDB Database Engine
[2024-06-30 17:26:42] [INFO] Redis: Connected with Redis Database Engine
[2024-06-30 17:26:42] [INFO] Sync: Synced 3 users
[2024-06-30 17:26:59] [INFO] Server: Server started on port 5000
[2024-06-30 17:26:59] [INFO] MongoDB: Connected with MongoDB Database Engine
[2024-06-30 17:26:59] [INFO] Redis: Connected with Redis Database Engine
[2024-06-30 17:26:59] [INFO] Sync: Synced 3 users
[2024-06-30 17:27:10] [INFO] Server: Server started on port 5000
[2024-06-30 17:27:10] [INFO] MongoDB: Connected with MongoDB Database Engine
[2024-06-30 17:27:10] [INFO] Redis: Connected with Redis Database Engine
[2024-06-30 17:27:10] [INFO] Sync: Synced 3 users
[2024-06-30 17:27:30] [INFO] Server: Server started on port 5000
[2024-06-30 17:27:30] [INFO] MongoDB: Connected with MongoDB Database Engine
[2024-06-30 17:27:30] [INFO] Redis: Connected with Redis Database Engine
[2024-06-30 17:27:30] [INFO] Sync: Synced 3 users
[2024-06-30 18:44:57] [INFO] Server: Server started on port 5000
[2024-06-30 18:44:57] [INFO] MongoDB: Connected with MongoDB Database Engine
[2024-06-30 18:44:57] [INFO] Redis: Connected with Redis Database Engine
[2024-06-30 18:44:57] [INFO] Sync: Synced 3 users
[2024-06-30 18:46:52] [INFO] Server: Server started on port 5000
[2024-06-30 18:46:52] [INFO] MongoDB: Connected with MongoDB Database Engine
[2024-06-30 18:46:53] [INFO] Redis: Connected with Redis Database Engine
[2024-06-30 18:46:53] [INFO] Sync: Synced 3 users
[2024-06-30 18:47:40] [INFO] Server: Server started on port 5000
[2024-06-30 18:47:40] [INFO] MongoDB: Connected with MongoDB Database Engine
[2024-06-30 18:47:40] [INFO] Redis: Connected with Redis Database Engine
[2024-06-30 18:47:40] [INFO] Sync: Synced 3 users
[2024-06-30 18:48:06] [INFO] Server: Server started on port 5000
[2024-06-30 18:48:06] [INFO] MongoDB: Connected with MongoDB Database Engine
[2024-06-30 18:48:06] [INFO] Redis: Connected with Redis Database Engine
[2024-06-30 18:48:06] [INFO] Sync: Synced 3 users
[2024-06-30 18:48:28] [INFO] Server: Server started on port 5000
[2024-06-30 18:48:28] [INFO] MongoDB: Connected with MongoDB Database Engine
[2024-06-30 18:48:28] [INFO] Redis: Connected with Redis Database Engine
[2024-06-30 18:48:28] [INFO] Sync: Synced 3 users
[2024-06-30 18:49:43] [INFO] Server: Server started on port 5000
[2024-06-30 18:49:43] [INFO] MongoDB: Connected with MongoDB Database Engine
[2024-06-30 18:49:43] [INFO] Redis: Connected with Redis Database Engine
[2024-06-30 18:49:43] [INFO] Sync: Synced 3 users
[2024-06-30 18:50:41] [INFO] Server: Server started on port 5000
[2024-06-30 18:50:41] [INFO] MongoDB: Connected with MongoDB Database Engine
[2024-06-30 18:50:41] [INFO] Redis: Connected with Redis Database Engine
[2024-06-30 18:50:41] [INFO] Sync: Synced 3 users
[2024-06-30 18:50:59] [INFO] Server: Server started on port 5000
[2024-06-30 18:50:59] [INFO] MongoDB: Connected with MongoDB Database Engine
[2024-06-30 18:50:59] [INFO] Redis: Connected with Redis Database Engine
[2024-06-30 18:50:59] [INFO] Sync: Synced 3 users
[2024-06-30 18:51:05] [INFO] Server: Server started on port 5000
[2024-06-30 18:51:05] [INFO] MongoDB: Connected with MongoDB Database Engine
[2024-06-30 18:51:05] [INFO] Redis: Connected with Redis Database Engine
[2024-06-30 18:51:05] [INFO] Sync: Synced 3 users
[2024-06-30 18:52:08] [INFO] Server: Server started on port 5000
[2024-06-30 18:52:08] [INFO] MongoDB: Connected with MongoDB Database Engine
[2024-06-30 18:52:08] [INFO] Redis: Connected with Redis Database Engine
[2024-06-30 18:52:08] [INFO] Sync: Synced 3 users
[2024-06-30 18:52:23] [INFO] Server: Server started on port 5000
[2024-06-30 18:52:23] [INFO] MongoDB: Connected with MongoDB Database Engine
[2024-06-30 18:52:23] [INFO] Redis: Connected with Redis Database Engine
[2024-06-30 18:52:23] [INFO] Sync: Synced 3 users
[2024-06-30 18:52:40] [INFO] Server: Server started on port 5000
[2024-06-30 18:52:40] [INFO] MongoDB: Connected with MongoDB Database Engine
[2024-06-30 18:52:40] [INFO] Redis: Connected with Redis Database Engine
[2024-06-30 18:52:40] [INFO] Sync: Synced 3 users
[2024-06-30 18:52:53] [INFO] Server: Server started on port 5000
[2024-06-30 18:52:53] [INFO] MongoDB: Connected with MongoDB Database Engine
[2024-06-30 18:52:53] [INFO] Redis: Connected with Redis Database Engine
[2024-06-30 18:52:53] [INFO] Sync: Synced 3 users
[2024-06-30 18:53:36] [INFO] Server: Server started on port 5000
[2024-06-30 18:53:36] [INFO] MongoDB: Connected with MongoDB Database Engine
[2024-06-30 18:53:36] [INFO] Redis: Connected with Redis Database Engine
[2024-06-30 18:53:36] [INFO] Sync: Synced 3 users
[2024-06-30 18:54:00] [INFO] Server: Server started on port 5000
[2024-06-30 18:54:00] [INFO] MongoDB: Connected with MongoDB Database Engine
[2024-06-30 18:54:00] [INFO] Redis: Connected with Redis Database Engine
[2024-06-30 18:54:00] [INFO] Sync: Synced 3 users
[2024-06-30 18:54:17] [INFO] Server: Server started on port 5000
[2024-06-30 18:54:17] [INFO] MongoDB: Connected with MongoDB Database Engine
[2024-06-30 18:54:17] [INFO] Redis: Connected with Redis Database Engine
[2024-06-30 18:54:17] [INFO] Sync: Synced 3 users
[2024-06-30 18:54:26] [INFO] Server: Server started on port 5000
[2024-06-30 18:54:26] [INFO] MongoDB: Connected with MongoDB Database Engine
[2024-06-30 18:54:26] [INFO] Redis: Connected with Redis Database Engine
[2024-06-30 18:54:26] [INFO] Sync: Synced 3 users
[2024-06-30 18:54:56] [INFO] Server: Server started on port 5000
[2024-06-30 18:54:56] [INFO] MongoDB: Connected with MongoDB Database Engine
[2024-06-30 18:54:56] [INFO] Redis: Connected with Redis Database Engine
[2024-06-30 18:54:56] [INFO] Sync: Synced 3 users
[2024-06-30 18:55:04] [INFO] Server: Server started on port 5000
[2024-06-30 18:55:04] [INFO] MongoDB: Connected with MongoDB Database Engine
[2024-06-30 18:55:04] [INFO] Redis: Connected with Redis Database Engine
[2024-06-30 18:55:04] [INFO] Sync: Synced 3 users
[2024-06-30 18:55:21] [INFO] Server: Server started on port 5000
[2024-06-30 18:55:21] [INFO] MongoDB: Connected with MongoDB Database Engine
[2024-06-30 18:55:21] [INFO] Redis: Connected with Redis Database Engine
[2024-06-30 18:55:21] [INFO] Sync: Synced 3 users
[2024-06-30 18:56:16] [INFO] Server: Server started on port 5000
[2024-06-30 18:56:16] [INFO] MongoDB: Connected with MongoDB Database Engine
[2024-06-30 18:56:16] [INFO] Redis: Connected with Redis Database Engine
[2024-06-30 18:56:16] [INFO] Sync: Synced 3 users
[2024-06-30 18:56:34] [INFO] Server: Server started on port 5000
[2024-06-30 18:56:34] [INFO] MongoDB: Connected with MongoDB Database Engine
[2024-06-30 18:56:34] [INFO] Redis: Connected with Redis Database Engine
[2024-06-30 18:56:34] [INFO] Sync: Synced 3 users
[2024-06-30 18:57:28] [INFO] Server: Server started on port 5000
[2024-06-30 18:57:28] [INFO] MongoDB: Connected with MongoDB Database Engine
[2024-06-30 18:57:28] [INFO] Redis: Connected with Redis Database Engine
[2024-06-30 18:57:28] [INFO] Sync: Synced 3 users
[2024-06-30 18:57:46] [INFO] Server: Server started on port 5000
[2024-06-30 18:57:46] [INFO] MongoDB: Connected with MongoDB Database Engine
[2024-06-30 18:57:46] [INFO] Redis: Connected with Redis Database Engine
[2024-06-30 18:57:46] [INFO] Sync: Synced 3 users
[2024-06-30 18:58:28] [INFO] Server: Server started on port 5000
[2024-06-30 18:58:28] [INFO] MongoDB: Connected with MongoDB Database Engine
[2024-06-30 18:58:28] [INFO] Redis: Connected with Redis Database Engine
[2024-06-30 18:58:28] [INFO] Sync: Synced 3 users
[2024-06-30 19:00:08] [INFO] Server: Server started on port 5000
[2024-06-30 19:00:08] [INFO] MongoDB: Connected with MongoDB Database Engine
[2024-06-30 19:00:08] [INFO] Redis: Connected with Redis Database Engine
[2024-06-30 19:00:08] [INFO] Sync: Synced 3 users
[2024-06-30 19:00:22] [INFO] Server: Server started on port 5000
[2024-06-30 19:00:22] [INFO] MongoDB: Connected with MongoDB Database Engine
[2024-06-30 19:00:22] [INFO] Redis: Connected with Redis Database Engine
[2024-06-30 19:00:22] [INFO] Sync: Synced 3 users
[2024-06-30 19:00:49] [INFO] Server: Server started on port 5000
[2024-06-30 19:00:49] [INFO] MongoDB: Connected with MongoDB Database Engine
[2024-06-30 19:00:49] [INFO] Redis: Connected with Redis Database Engine
[2024-06-30 19:00:49] [INFO] Sync: Synced 3 users
[2024-06-30 19:01:04] [INFO] Server: Server started on port 5000
[2024-06-30 19:01:04] [INFO] MongoDB: Connected with MongoDB Database Engine
[2024-06-30 19:01:04] [INFO] Redis: Connected with Redis Database Engine
[2024-06-30 19:01:04] [INFO] Sync: Synced 3 users
[2024-06-30 19:01:10] [INFO] Server: Server started on port 5000
[2024-06-30 19:01:10] [INFO] MongoDB: Connected with MongoDB Database Engine
[2024-06-30 19:01:10] [INFO] Redis: Connected with Redis Database Engine
[2024-06-30 19:01:10] [INFO] Sync: Synced 3 users
[2024-06-30 19:04:47] [INFO] Server: Server started on port 5000
[2024-06-30 19:04:47] [INFO] MongoDB: Connected with MongoDB Database Engine
[2024-06-30 19:04:47] [INFO] Redis: Connected with Redis Database Engine
[2024-06-30 19:04:47] [INFO] Sync: Synced 3 users
[2024-06-30 22:00:32] [INFO] Server: Server started on port 5000
[2024-06-30 22:00:32] [INFO] MongoDB: Connected with MongoDB Database Engine
[2024-06-30 22:00:32] [INFO] Redis: Connected with Redis Database Engine
[2024-06-30 22:00:32] [INFO] Sync: Synced 3 users
[2024-06-30 22:00:59] [INFO] Server: Server started on port 5000
[2024-06-30 22:00:59] [INFO] MongoDB: Connected with MongoDB Database Engine
[2024-06-30 22:00:59] [INFO] Redis: Connected with Redis Database Engine
[2024-06-30 22:00:59] [INFO] Sync: Synced 3 users
[2024-06-30 22:01:15] [INFO] Server: Server started on port 5000
[2024-06-30 22:01:15] [INFO] MongoDB: Connected with MongoDB Database Engine
[2024-06-30 22:01:15] [INFO] Redis: Connected with Redis Database Engine
[2024-06-30 22:01:15] [INFO] Sync: Synced 3 users
[2024-06-30 22:01:51] [INFO] Server: Server started on port 5000
[2024-06-30 22:01:51] [INFO] MongoDB: Connected with MongoDB Database Engine
[2024-06-30 22:01:52] [INFO] Redis: Connected with Redis Database Engine
[2024-06-30 22:01:52] [INFO] Sync: Synced 3 users
[2024-06-30 22:02:09] [INFO] Server: Server started on port 5000
[2024-06-30 22:02:09] [INFO] MongoDB: Connected with MongoDB Database Engine
[2024-06-30 22:02:09] [INFO] Redis: Connected with Redis Database Engine
[2024-06-30 22:02:09] [INFO] Sync: Synced 3 users
[2024-06-30 22:02:18] [INFO] Server: Server started on port 5000
[2024-06-30 22:02:18] [INFO] MongoDB: Connected with MongoDB Database Engine
[2024-06-30 22:02:18] [INFO] Redis: Connected with Redis Database Engine
[2024-06-30 22:02:18] [INFO] Sync: Synced 3 users
[2024-06-30 22:02:27] [INFO] Server: Server started on port 5000
[2024-06-30 22:02:27] [INFO] MongoDB: Connected with MongoDB Database Engine
[2024-06-30 22:02:27] [INFO] Redis: Connected with Redis Database Engine
[2024-06-30 22:02:27] [INFO] Sync: Synced 3 users
[2024-06-30 22:02:34] [INFO] Server: Server started on port 5000
[2024-06-30 22:02:34] [INFO] MongoDB: Connected with MongoDB Database Engine
[2024-06-30 22:02:34] [INFO] Redis: Connected with Redis Database Engine
[2024-06-30 22:02:34] [INFO] Sync: Synced 3 users
[2024-06-30 22:02:41] [INFO] Server: Server started on port 5000
[2024-06-30 22:02:41] [INFO] MongoDB: Connected with MongoDB Database Engine
[2024-06-30 22:02:41] [INFO] Redis: Connected with Redis Database Engine
[2024-06-30 22:02:41] [INFO] Sync: Synced 3 users
[2024-06-30 22:02:49] [INFO] Server: Server started on port 5000
[2024-06-30 22:02:49] [INFO] MongoDB: Connected with MongoDB Database Engine
[2024-06-30 22:02:49] [INFO] Redis: Connected with Redis Database Engine
[2024-06-30 22:02:49] [INFO] Sync: Synced 3 users
[2024-06-30 22:03:16] [INFO] Server: Server started on port 5000
[2024-06-30 22:03:16] [INFO] MongoDB: Connected with MongoDB Database Engine
[2024-06-30 22:03:16] [INFO] Redis: Connected with Redis Database Engine
[2024-06-30 22:03:16] [INFO] Sync: Synced 3 users
[2024-06-30 22:03:40] [INFO] Server: Server started on port 5000
[2024-06-30 22:03:40] [INFO] MongoDB: Connected with MongoDB Database Engine
[2024-06-30 22:03:40] [INFO] Redis: Connected with Redis Database Engine
[2024-06-30 22:03:40] [INFO] Sync: Synced 3 users
[2024-06-30 22:08:01] [INFO] Server: Server started on port 5000
[2024-06-30 22:08:01] [INFO] MongoDB: Connected with MongoDB Database Engine
[2024-06-30 22:08:01] [INFO] Redis: Connected with Redis Database Engine
[2024-06-30 22:08:01] [INFO] Sync: Synced 3 users
[2024-06-30 22:08:18] [INFO] Server: Server started on port 5000
[2024-06-30 22:08:18] [INFO] MongoDB: Connected with MongoDB Database Engine
[2024-06-30 22:08:18] [INFO] Redis: Connected with Redis Database Engine
[2024-06-30 22:08:18] [INFO] Sync: Synced 3 users
[2024-06-30 22:08:56] [INFO] Server: Server started on port 5000
[2024-06-30 22:08:56] [INFO] MongoDB: Connected with MongoDB Database Engine
[2024-06-30 22:08:56] [INFO] Redis: Connected with Redis Database Engine
[2024-06-30 22:08:56] [INFO] Sync: Synced 3 users
[2024-06-30 22:09:05] [INFO] Server: Server started on port 5000
[2024-06-30 22:09:05] [INFO] MongoDB: Connected with MongoDB Database Engine
[2024-06-30 22:09:05] [INFO] Redis: Connected with Redis Database Engine
[2024-06-30 22:09:05] [INFO] Sync: Synced 3 users
[2024-06-30 22:56:15] [INFO] Server: Server started on port 5000
[2024-06-30 22:56:15] [INFO] MongoDB: Connected with MongoDB Database Engine
[2024-06-30 22:56:15] [INFO] Redis: Connected with Redis Database Engine
[2024-06-30 22:56:15] [INFO] Sync: Synced 3 users
[2024-06-30 22:56:30] [INFO] Server: Server started on port 5000
[2024-06-30 22:56:30] [INFO] MongoDB: Connected with MongoDB Database Engine
[2024-06-30 22:56:30] [INFO] Redis: Connected with Redis Database Engine
[2024-06-30 22:56:30] [INFO] Sync: Synced 3 users
[2024-06-30 22:56:45] [INFO] Server: Server started on port 5000
[2024-06-30 22:56:45] [INFO] MongoDB: Connected with MongoDB Database Engine
[2024-06-30 22:56:45] [INFO] Redis: Connected with Redis Database Engine
[2024-06-30 22:56:45] [INFO] Sync: Synced 3 users
[2024-06-30 22:56:56] [INFO] Server: Server started on port 5000
[2024-06-30 22:56:56] [INFO] MongoDB: Connected with MongoDB Database Engine
[2024-06-30 22:56:56] [INFO] Redis: Connected with Redis Database Engine
[2024-06-30 22:56:56] [INFO] Sync: Synced 3 users
[2024-06-30 22:57:22] [INFO] Server: Server started on port 5000
[2024-06-30 22:57:22] [INFO] MongoDB: Connected with MongoDB Database Engine
[2024-06-30 22:57:22] [INFO] Redis: Connected with Redis Database Engine
[2024-06-30 22:57:22] [INFO] Sync: Synced 3 users
[2024-06-30 22:57:54] [INFO] Server: Server started on port 5000
[2024-06-30 22:57:54] [INFO] MongoDB: Connected with MongoDB Database Engine
[2024-06-30 22:57:54] [INFO] Redis: Connected with Redis Database Engine
[2024-06-30 22:57:54] [INFO] Sync: Synced 3 users
[2024-06-30 22:58:08] [INFO] Server: Server started on port 5000
[2024-06-30 22:58:08] [INFO] MongoDB: Connected with MongoDB Database Engine
[2024-06-30 22:58:09] [INFO] Redis: Connected with Redis Database Engine
[2024-06-30 22:58:09] [INFO] Sync: Synced 3 users
[2024-06-30 22:58:15] [INFO] Server: Server started on port 5000
[2024-06-30 22:58:15] [INFO] MongoDB: Connected with MongoDB Database Engine
[2024-06-30 22:58:15] [INFO] Redis: Connected with Redis Database Engine
[2024-06-30 22:58:15] [INFO] Sync: Synced 3 users
[2024-06-30 22:58:53] [INFO] Server: Server started on port 5000
[2024-06-30 22:58:53] [INFO] MongoDB: Connected with MongoDB Database Engine
[2024-06-30 22:58:53] [INFO] Redis: Connected with Redis Database Engine
[2024-06-30 22:58:53] [INFO] Sync: Synced 3 users
[2024-06-30 22:59:08] [INFO] Server: Server started on port 5000
[2024-06-30 22:59:08] [INFO] MongoDB: Connected with MongoDB Database Engine
[2024-06-30 22:59:08] [INFO] Redis: Connected with Redis Database Engine
[2024-06-30 22:59:08] [INFO] Sync: Synced 3 users
[2024-06-30 23:00:05] [INFO] Server: Server started on port 5000
[2024-06-30 23:00:05] [INFO] MongoDB: Connected with MongoDB Database Engine
[2024-06-30 23:00:05] [INFO] Redis: Connected with Redis Database Engine
[2024-06-30 23:00:05] [INFO] Sync: Synced 3 users
[2024-06-30 23:00:49] [INFO] Server: Server started on port 5000
[2024-06-30 23:00:49] [INFO] MongoDB: Connected with MongoDB Database Engine
[2024-06-30 23:00:49] [INFO] Redis: Connected with Redis Database Engine
[2024-06-30 23:00:49] [INFO] Sync: Synced 3 users
[2024-06-30 23:01:47] [INFO] Server: Server started on port 5000
[2024-06-30 23:01:47] [INFO] MongoDB: Connected with MongoDB Database Engine
[2024-06-30 23:01:47] [INFO] Redis: Connected with Redis Database Engine
[2024-06-30 23:01:47] [INFO] Sync: Synced 3 users
[2024-06-30 23:01:49] [ERROR] Packing list: Error on creating packing list ValidationError: createdBy: Path `createdBy` is required., customerID: Path `customerID` is required.
[2024-06-30 23:02:59] [INFO] Server: Server started on port 5000
[2024-06-30 23:02:59] [INFO] MongoDB: Connected with MongoDB Database Engine
[2024-06-30 23:02:59] [INFO] Redis: Connected with Redis Database Engine
[2024-06-30 23:02:59] [INFO] Sync: Synced 3 users
[2024-06-30 23:03:00] [ERROR] Packing list: Error on creating packing list ValidationError: customerID: Path `customerID` is required.
[2024-06-30 23:03:57] [INFO] Server: Server started on port 5000
[2024-06-30 23:03:57] [INFO] MongoDB: Connected with MongoDB Database Engine
[2024-06-30 23:03:57] [INFO] Redis: Connected with Redis Database Engine
[2024-06-30 23:03:57] [INFO] Sync: Synced 3 users
[2024-06-30 23:04:03] [INFO] Server: Server started on port 5000
[2024-06-30 23:04:03] [INFO] MongoDB: Connected with MongoDB Database Engine
[2024-06-30 23:04:03] [INFO] Redis: Connected with Redis Database Engine
[2024-06-30 23:04:03] [INFO] Sync: Synced 3 users
[2024-06-30 23:04:05] [ERROR] Packing list: Error on creating packing list ValidationError: customerID: Path `customerID` is required.
[2024-06-30 23:04:53] [INFO] Server: Server started on port 5000
[2024-06-30 23:04:53] [INFO] MongoDB: Connected with MongoDB Database Engine
[2024-06-30 23:04:53] [INFO] Redis: Connected with Redis Database Engine
[2024-06-30 23:04:53] [INFO] Sync: Synced 3 users
[2024-06-30 23:04:54] [ERROR] Invoice: Error on creating invoice ValidationError: dueDate: Path `dueDate` is required.
[2024-06-30 23:05:19] [INFO] Server: Server started on port 5000
[2024-06-30 23:05:19] [INFO] MongoDB: Connected with MongoDB Database Engine
[2024-06-30 23:05:19] [INFO] Redis: Connected with Redis Database Engine
[2024-06-30 23:05:19] [INFO] Sync: Synced 3 users
[2024-06-30 23:05:20] [INFO] Master worker: Job 1520 completed with result undefined
[2024-06-30 23:06:06] [INFO] Server: Server started on port 5000
[2024-06-30 23:06:06] [INFO] MongoDB: Connected with MongoDB Database Engine
[2024-06-30 23:06:06] [INFO] Redis: Connected with Redis Database Engine
[2024-06-30 23:06:06] [INFO] Sync: Synced 3 users
[2024-06-30 23:06:07] [ERROR] Packing list: Error on creating packing list ValidationError: customerID: Path `customerID` is required.
[2024-06-30 23:06:29] [INFO] Server: Server started on port 5000
[2024-06-30 23:06:29] [INFO] MongoDB: Connected with MongoDB Database Engine
[2024-06-30 23:06:29] [INFO] Redis: Connected with Redis Database Engine
[2024-06-30 23:06:29] [INFO] Sync: Synced 3 users
[2024-06-30 23:06:32] [INFO] Master worker: Job 1521 completed with result undefined
[2024-06-30 23:09:13] [INFO] Master worker: Job 1522 completed with result undefined
[2024-06-30 23:09:37] [INFO] Server: Server started on port 5000
[2024-06-30 23:09:37] [INFO] MongoDB: Connected with MongoDB Database Engine
[2024-06-30 23:09:37] [INFO] Redis: Connected with Redis Database Engine
[2024-06-30 23:09:37] [INFO] Sync: Synced 3 users
[2024-06-30 23:09:46] [INFO] Master worker: Job 1523 completed with result undefined
[2024-06-30 23:10:46] [INFO] Server: Server started on port 5000
[2024-06-30 23:10:46] [INFO] MongoDB: Connected with MongoDB Database Engine
[2024-06-30 23:10:46] [INFO] Redis: Connected with Redis Database Engine
[2024-06-30 23:10:46] [INFO] Sync: Synced 3 users
[2024-06-30 23:11:22] [INFO] Server: Server started on port 5000
[2024-06-30 23:11:22] [INFO] MongoDB: Connected with MongoDB Database Engine
[2024-06-30 23:11:22] [INFO] Redis: Connected with Redis Database Engine
[2024-06-30 23:11:22] [INFO] Sync: Synced 3 users
[2024-06-30 23:11:38] [INFO] Server: Server started on port 5000
[2024-06-30 23:11:38] [INFO] MongoDB: Connected with MongoDB Database Engine
[2024-06-30 23:11:38] [INFO] Redis: Connected with Redis Database Engine
[2024-06-30 23:11:38] [INFO] Sync: Synced 3 users
[2024-06-30 23:12:00] [INFO] Server: Server started on port 5000
[2024-06-30 23:12:00] [INFO] MongoDB: Connected with MongoDB Database Engine
[2024-06-30 23:12:00] [INFO] Redis: Connected with Redis Database Engine
[2024-06-30 23:12:00] [INFO] Sync: Synced 3 users
[2024-06-30 23:12:20] [INFO] Master worker: Job 1524 completed with result undefined
[2024-06-30 23:12:54] [INFO] Server: Server started on port 5000
[2024-06-30 23:12:54] [INFO] MongoDB: Connected with MongoDB Database Engine
[2024-06-30 23:12:54] [INFO] Redis: Connected with Redis Database Engine
[2024-06-30 23:12:54] [INFO] Sync: Synced 3 users
[2024-06-30 23:13:05] [INFO] Server: Server started on port 5000
[2024-06-30 23:13:05] [INFO] MongoDB: Connected with MongoDB Database Engine
[2024-06-30 23:13:05] [INFO] Redis: Connected with Redis Database Engine
[2024-06-30 23:13:05] [INFO] Sync: Synced 3 users
[2024-06-30 23:13:14] [INFO] Master worker: Job 1525 completed with result undefined
[2024-06-30 23:16:03] [INFO] Server: Server started on port 5000
[2024-06-30 23:16:03] [INFO] MongoDB: Connected with MongoDB Database Engine
[2024-06-30 23:16:03] [INFO] Redis: Connected with Redis Database Engine
[2024-06-30 23:16:03] [INFO] Sync: Synced 3 users
[2024-06-30 23:16:55] [INFO] Server: Server started on port 5000
[2024-06-30 23:16:55] [INFO] MongoDB: Connected with MongoDB Database Engine
[2024-06-30 23:16:55] [INFO] Redis: Connected with Redis Database Engine
[2024-06-30 23:16:55] [INFO] Sync: Synced 3 users
[2024-06-30 23:17:39] [INFO] Server: Server started on port 5000
[2024-06-30 23:17:39] [INFO] MongoDB: Connected with MongoDB Database Engine
[2024-06-30 23:17:39] [INFO] Redis: Connected with Redis Database Engine
[2024-06-30 23:17:39] [INFO] Sync: Synced 3 users
[2024-06-30 23:18:52] [INFO] Server: Server started on port 5000
[2024-06-30 23:18:52] [INFO] MongoDB: Connected with MongoDB Database Engine
[2024-06-30 23:18:53] [INFO] Redis: Connected with Redis Database Engine
[2024-06-30 23:18:53] [INFO] Sync: Synced 3 users
[2024-06-30 23:31:45] [INFO] Server: Server started on port 5000
[2024-06-30 23:31:45] [INFO] MongoDB: Connected with MongoDB Database Engine
[2024-06-30 23:31:45] [INFO] Redis: Connected with Redis Database Engine
[2024-06-30 23:31:45] [INFO] Sync: Synced 3 users
[2024-06-30 23:50:30] [INFO] Server: Server started on port 5000
[2024-06-30 23:50:30] [INFO] MongoDB: Connected with MongoDB Database Engine
[2024-06-30 23:50:30] [INFO] Redis: Connected with Redis Database Engine
[2024-06-30 23:50:30] [INFO] Sync: Synced 3 users
[2024-06-30 23:51:09] [INFO] Server: Server started on port 5000
[2024-06-30 23:51:09] [INFO] MongoDB: Connected with MongoDB Database Engine
[2024-06-30 23:51:09] [INFO] Redis: Connected with Redis Database Engine
[2024-06-30 23:51:09] [INFO] Sync: Synced 3 users
[2024-06-30 23:51:41] [INFO] Server: Server started on port 5000
[2024-06-30 23:51:41] [INFO] MongoDB: Connected with MongoDB Database Engine
[2024-06-30 23:51:41] [INFO] Redis: Connected with Redis Database Engine
[2024-06-30 23:51:41] [INFO] Sync: Synced 3 users
[2024-06-30 23:53:45] [INFO] Server: Server started on port 5000
[2024-06-30 23:53:45] [INFO] MongoDB: Connected with MongoDB Database Engine
[2024-06-30 23:53:45] [INFO] Redis: Connected with Redis Database Engine
[2024-06-30 23:53:45] [INFO] Sync: Synced 3 users
[2024-06-30 23:54:20] [INFO] Server: Server started on port 5000
[2024-06-30 23:54:20] [INFO] MongoDB: Connected with MongoDB Database Engine
[2024-06-30 23:54:20] [INFO] Redis: Connected with Redis Database Engine
[2024-06-30 23:54:20] [INFO] Sync: Synced 3 users
[2024-07-01 00:38:41] [INFO] Master worker: Job 1526 completed with result undefined
[2024-07-01 00:41:25] [INFO] Server: Server started on port 5000
[2024-07-01 00:41:25] [INFO] MongoDB: Connected with MongoDB Database Engine
[2024-07-01 00:41:25] [INFO] Redis: Connected with Redis Database Engine
[2024-07-01 00:41:25] [INFO] Sync: Synced 3 users
[2024-07-01 00:41:50] [INFO] Server: Server started on port 5000
[2024-07-01 00:41:50] [INFO] MongoDB: Connected with MongoDB Database Engine
[2024-07-01 00:41:50] [INFO] Redis: Connected with Redis Database Engine
[2024-07-01 00:41:50] [INFO] Sync: Synced 3 users
[2024-07-01 00:44:52] [ERROR] Packing list: Error on fetching packing list CastError: Cast to ObjectId failed for value "List" (type string) at path "_id" for model "packing-list"
[2024-07-01 00:44:57] [ERROR] Packing list: Error on fetching packing list CastError: Cast to ObjectId failed for value "List" (type string) at path "_id" for model "packing-list"
[2024-07-01 00:45:31] [ERROR] Packing list: Error on fetching packing list CastError: Cast to ObjectId failed for value "undefined" (type string) at path "_id" for model "packing-list"
[2024-07-01 00:45:42] [ERROR] Packing list: Error on fetching packing list CastError: Cast to ObjectId failed for value "undefined" (type string) at path "_id" for model "packing-list"
[2024-07-01 00:45:52] [ERROR] Packing list: Error on fetching packing list CastError: Cast to ObjectId failed for value "undefined" (type string) at path "_id" for model "packing-list"
[2024-07-01 01:50:49] [INFO] Server: Server started on port 5000
[2024-07-01 01:50:49] [INFO] MongoDB: Connected with MongoDB Database Engine
[2024-07-01 01:50:49] [INFO] Redis: Connected with Redis Database Engine
[2024-07-01 01:50:49] [INFO] Sync: Synced 3 users
[2024-07-01 01:51:12] [INFO] Server: Server started on port 5000
[2024-07-01 01:51:12] [INFO] MongoDB: Connected with MongoDB Database Engine
[2024-07-01 01:51:12] [INFO] Redis: Connected with Redis Database Engine
[2024-07-01 01:51:12] [INFO] Sync: Synced 3 users
[2024-07-01 01:54:09] [INFO] Server: Server started on port 5000
[2024-07-01 01:54:09] [INFO] MongoDB: Connected with MongoDB Database Engine
[2024-07-01 01:54:09] [INFO] Redis: Connected with Redis Database Engine
[2024-07-01 01:54:09] [INFO] Sync: Synced 3 users
[2024-07-01 01:56:43] [INFO] Server: Server started on port 5000
[2024-07-01 01:56:43] [INFO] MongoDB: Connected with MongoDB Database Engine
[2024-07-01 01:56:43] [INFO] Redis: Connected with Redis Database Engine
[2024-07-01 01:56:44] [INFO] Sync: Synced 3 users
[2024-07-01 01:56:45] [ERROR] GoodReceipt: Error on fetching good receipt StrictPopulateError: Cannot populate path `customerID` because it is not in your schema. Set the `strictPopulate` option to false to override.
[2024-07-01 01:57:06] [INFO] Server: Server started on port 5000
[2024-07-01 01:57:06] [INFO] MongoDB: Connected with MongoDB Database Engine
[2024-07-01 01:57:06] [INFO] Redis: Connected with Redis Database Engine
[2024-07-01 01:57:06] [INFO] Sync: Synced 3 users
[2024-07-01 01:57:19] [INFO] Master worker: Job 1527 completed with result undefined
[2024-07-01 01:59:10] [INFO] Master worker: Job 1528 completed with result undefined
[2024-07-01 07:28:48] [INFO] Server: Server started on port 5000
[2024-07-01 07:28:48] [INFO] MongoDB: Connected with MongoDB Database Engine
[2024-07-01 07:28:49] [INFO] Redis: Connected with Redis Database Engine
[2024-07-01 07:28:49] [INFO] Sync: Synced 3 users
[2024-07-01 07:30:57] [INFO] Server: Server started on port 5000
[2024-07-01 07:30:57] [INFO] MongoDB: Connected with MongoDB Database Engine
[2024-07-01 07:30:57] [INFO] Redis: Connected with Redis Database Engine
[2024-07-01 07:30:57] [INFO] Sync: Synced 3 users
[2024-07-01 07:31:32] [INFO] Server: Server started on port 5000
[2024-07-01 07:31:32] [INFO] MongoDB: Connected with MongoDB Database Engine
[2024-07-01 07:31:32] [INFO] Redis: Connected with Redis Database Engine
[2024-07-01 07:31:32] [INFO] Sync: Synced 3 users
[2024-07-01 07:33:47] [INFO] Server: Server started on port 5000
[2024-07-01 07:33:47] [INFO] MongoDB: Connected with MongoDB Database Engine
[2024-07-01 07:33:47] [INFO] Redis: Connected with Redis Database Engine
[2024-07-01 07:33:47] [INFO] Sync: Synced 3 users
[2024-07-01 07:33:59] [INFO] Server: Server started on port 5000
[2024-07-01 07:33:59] [INFO] MongoDB: Connected with MongoDB Database Engine
[2024-07-01 07:33:59] [INFO] Redis: Connected with Redis Database Engine
[2024-07-01 07:33:59] [INFO] Sync: Synced 3 users
[2024-07-01 07:34:55] [INFO] Server: Server started on port 5000
[2024-07-01 07:34:55] [INFO] MongoDB: Connected with MongoDB Database Engine
[2024-07-01 07:34:55] [INFO] Redis: Connected with Redis Database Engine
[2024-07-01 07:34:55] [INFO] Sync: Synced 3 users
[2024-07-01 07:35:23] [INFO] Server: Server started on port 5000
[2024-07-01 07:35:23] [INFO] MongoDB: Connected with MongoDB Database Engine
[2024-07-01 07:35:23] [INFO] Redis: Connected with Redis Database Engine
[2024-07-01 07:35:23] [INFO] Sync: Synced 3 users
[2024-07-01 07:35:40] [INFO] Server: Server started on port 5000
[2024-07-01 07:35:40] [INFO] MongoDB: Connected with MongoDB Database Engine
[2024-07-01 07:35:40] [INFO] Redis: Connected with Redis Database Engine
[2024-07-01 07:35:40] [INFO] Sync: Synced 3 users
[2024-07-01 07:35:46] [INFO] Server: Server started on port 5000
[2024-07-01 07:35:46] [INFO] MongoDB: Connected with MongoDB Database Engine
[2024-07-01 07:35:47] [INFO] Redis: Connected with Redis Database Engine
[2024-07-01 07:35:47] [INFO] Sync: Synced 3 users
[2024-07-01 07:36:14] [INFO] Server: Server started on port 5000
[2024-07-01 07:36:14] [INFO] MongoDB: Connected with MongoDB Database Engine
[2024-07-01 07:36:14] [INFO] Redis: Connected with Redis Database Engine
[2024-07-01 07:36:14] [INFO] Sync: Synced 3 users
[2024-07-01 07:37:09] [INFO] Server: Server started on port 5000
[2024-07-01 07:37:09] [INFO] MongoDB: Connected with MongoDB Database Engine
[2024-07-01 07:37:10] [INFO] Redis: Connected with Redis Database Engine
[2024-07-01 07:37:10] [INFO] Sync: Synced 3 users
[2024-07-01 07:37:22] [INFO] Server: Server started on port 5000
[2024-07-01 07:37:22] [INFO] MongoDB: Connected with MongoDB Database Engine
[2024-07-01 07:37:22] [INFO] Redis: Connected with Redis Database Engine
[2024-07-01 07:37:22] [INFO] Sync: Synced 3 users
[2024-07-01 07:38:09] [INFO] Server: Server started on port 5000
[2024-07-01 07:38:09] [INFO] MongoDB: Connected with MongoDB Database Engine
[2024-07-01 07:38:09] [INFO] Redis: Connected with Redis Database Engine
[2024-07-01 07:38:09] [INFO] Sync: Synced 3 users
[2024-07-01 07:38:32] [INFO] Server: Server started on port 5000
[2024-07-01 07:38:32] [INFO] MongoDB: Connected with MongoDB Database Engine
[2024-07-01 07:38:32] [INFO] Redis: Connected with Redis Database Engine
[2024-07-01 07:38:32] [INFO] Sync: Synced 3 users
[2024-07-01 07:39:47] [INFO] Server: Server started on port 5000
[2024-07-01 07:39:47] [INFO] MongoDB: Connected with MongoDB Database Engine
[2024-07-01 07:39:47] [INFO] Redis: Connected with Redis Database Engine
[2024-07-01 07:39:47] [INFO] Sync: Synced 3 users
[2024-07-01 07:40:16] [INFO] Server: Server started on port 5000
[2024-07-01 07:40:16] [INFO] MongoDB: Connected with MongoDB Database Engine
[2024-07-01 07:40:16] [INFO] Redis: Connected with Redis Database Engine
[2024-07-01 07:40:16] [INFO] Sync: Synced 3 users
[2024-07-01 07:42:34] [INFO] Server: Server started on port 5000
[2024-07-01 07:42:34] [INFO] MongoDB: Connected with MongoDB Database Engine
[2024-07-01 07:42:34] [INFO] Redis: Connected with Redis Database Engine
[2024-07-01 07:42:34] [INFO] Sync: Synced 3 users
[2024-07-01 07:43:06] [INFO] Server: Server started on port 5000
[2024-07-01 07:43:06] [INFO] MongoDB: Connected with MongoDB Database Engine
[2024-07-01 07:43:06] [INFO] Redis: Connected with Redis Database Engine
[2024-07-01 07:43:06] [INFO] Sync: Synced 3 users
[2024-07-01 07:43:38] [INFO] Server: Server started on port 5000
[2024-07-01 07:43:38] [INFO] MongoDB: Connected with MongoDB Database Engine
[2024-07-01 07:43:38] [INFO] Redis: Connected with Redis Database Engine
[2024-07-01 07:43:38] [INFO] Sync: Synced 3 users
[2024-07-01 08:09:29] [INFO] Server: Server started on port 5000
[2024-07-01 08:09:29] [INFO] MongoDB: Connected with MongoDB Database Engine
[2024-07-01 08:09:29] [INFO] Redis: Connected with Redis Database Engine
[2024-07-01 08:09:29] [INFO] Sync: Synced 3 users
[2024-07-01 08:09:49] [INFO] Server: Server started on port 5000
[2024-07-01 08:09:49] [INFO] MongoDB: Connected with MongoDB Database Engine
[2024-07-01 08:09:49] [INFO] Redis: Connected with Redis Database Engine
[2024-07-01 08:09:49] [INFO] Sync: Synced 3 users
[2024-07-01 08:16:30] [INFO] Server: Server started on port 5000
[2024-07-01 08:16:30] [INFO] MongoDB: Connected with MongoDB Database Engine
[2024-07-01 08:16:30] [INFO] Redis: Connected with Redis Database Engine
[2024-07-01 08:16:30] [INFO] Sync: Synced 3 users
[2024-07-01 08:16:52] [INFO] Server: Server started on port 5000
[2024-07-01 08:16:52] [INFO] MongoDB: Connected with MongoDB Database Engine
[2024-07-01 08:16:52] [INFO] Redis: Connected with Redis Database Engine
[2024-07-01 08:16:52] [INFO] Sync: Synced 3 users
[2024-07-01 08:17:12] [INFO] Server: Server started on port 5000
[2024-07-01 08:17:12] [INFO] MongoDB: Connected with MongoDB Database Engine
[2024-07-01 08:17:13] [INFO] Redis: Connected with Redis Database Engine
[2024-07-01 08:17:13] [INFO] Sync: Synced 3 users
[2024-07-01 09:33:06] [INFO] Server: Server started on port 5000
[2024-07-01 09:33:06] [INFO] MongoDB: Connected with MongoDB Database Engine
[2024-07-01 09:33:06] [INFO] Redis: Connected with Redis Database Engine
[2024-07-01 09:33:06] [INFO] Sync: Synced 3 users
[2024-07-01 09:34:26] [INFO] Server: Server started on port 5000
[2024-07-01 09:34:26] [INFO] MongoDB: Connected with MongoDB Database Engine
[2024-07-01 09:34:26] [INFO] Redis: Connected with Redis Database Engine
[2024-07-01 09:34:26] [INFO] Sync: Synced 3 users
[2024-07-01 09:36:33] [INFO] Server: Server started on port 5000
[2024-07-01 09:36:33] [INFO] MongoDB: Connected with MongoDB Database Engine
[2024-07-01 09:36:33] [INFO] Redis: Connected with Redis Database Engine
[2024-07-01 09:36:33] [INFO] Sync: Synced 3 users
[2024-07-01 09:38:26] [INFO] Server: Server started on port 5000
[2024-07-01 09:38:26] [INFO] MongoDB: Connected with MongoDB Database Engine
[2024-07-01 09:38:26] [INFO] Redis: Connected with Redis Database Engine
[2024-07-01 09:38:26] [INFO] Sync: Synced 3 users
[2024-07-01 09:39:05] [INFO] Server: Server started on port 5000
[2024-07-01 09:39:05] [INFO] MongoDB: Connected with MongoDB Database Engine
[2024-07-01 09:39:05] [INFO] Redis: Connected with Redis Database Engine
[2024-07-01 09:39:05] [INFO] Sync: Synced 3 users
[2024-07-01 11:37:04] [INFO] Server: Server started on port 5000
[2024-07-01 11:37:04] [INFO] MongoDB: Connected with MongoDB Database Engine
[2024-07-01 11:37:04] [ERROR] Redis: Error: connect ECONNREFUSED ::1:6379
[2024-07-01 11:37:04] [ERROR] Redis: Error: connect ECONNREFUSED ::1:6379
[2024-07-01 11:37:04] [INFO] Sync: Synced 3 users
[2024-07-01 11:37:04] [ERROR] Redis: Error: connect ECONNREFUSED ::1:6379
[2024-07-01 11:37:05] [ERROR] Redis: Error: connect ECONNREFUSED ::1:6379
[2024-07-01 11:37:05] [ERROR] Redis: Error: connect ECONNREFUSED ::1:6379
[2024-07-01 11:37:05] [ERROR] Redis: Error: connect ECONNREFUSED ::1:6379
[2024-07-01 11:37:05] [ERROR] Redis: Error: connect ECONNREFUSED ::1:6379
[2024-07-01 11:37:06] [ERROR] Redis: Error: connect ECONNREFUSED ::1:6379
[2024-07-01 11:37:06] [INFO] Redis: Connected with Redis Database Engine
[2024-07-01 22:55:42] [INFO] Server: Server started on port undefined
[2024-07-01 22:55:42] [INFO] MongoDB: Connected with MongoDB Database Engine
[2024-07-01 22:55:43] [INFO] Redis: Connected with Redis Database Engine
[2024-07-01 22:55:43] [INFO] Sync: Synced 40 users
[2024-07-01 23:20:04] [INFO] Master worker: Job 9 completed with result undefined
[2024-07-01 23:20:04] [INFO] Master worker: Job 10 completed with result undefined
[2024-07-01 23:20:04] [INFO] Master worker: Job 11 completed with result undefined
[2024-07-01 23:20:04] [INFO] Master worker: Job 12 completed with result undefined
[2024-07-01 23:20:04] [INFO] Master worker: Job 13 completed with result undefined
[2024-07-01 23:40:51] [INFO] Server: Server started on port undefined
[2024-07-01 23:40:51] [INFO] MongoDB: Connected with MongoDB Database Engine
[2024-07-01 23:40:51] [INFO] Redis: Connected with Redis Database Engine
[2024-07-01 23:40:51] [INFO] Sync: Synced 40 users
[2024-07-01 23:44:12] [INFO] Server: Server started on port 5000
[2024-07-01 23:44:12] [INFO] MongoDB: Connected with MongoDB Database Engine
[2024-07-01 23:44:13] [INFO] Redis: Connected with Redis Database Engine
[2024-07-01 23:44:13] [INFO] Sync: Synced 40 users
[2024-07-01 23:44:20] [INFO] Master worker: Job 14 completed with result undefined
[2024-07-01 23:45:22] [INFO] Master worker: Job 15 completed with result undefined
[2024-07-01 23:45:22] [INFO] Worker: Product TEST_1_1 created
[2024-07-02 17:48:44] [INFO] Server: Server started on port 5000
[2024-07-02 17:48:44] [INFO] MongoDB: Connected with MongoDB Database Engine
[2024-07-02 17:48:44] [INFO] Redis: Connected with Redis Database Engine
[2024-07-02 17:48:44] [INFO] Sync: Synced 40 users
[2024-07-03 10:45:18] [INFO] Server: Server started on port 5000
[2024-07-03 10:45:18] [INFO] MongoDB: Connected with MongoDB Database Engine
[2024-07-03 10:45:18] [INFO] Redis: Connected with Redis Database Engine
[2024-07-03 10:45:18] [INFO] Sync: Synced 40 users
[2024-07-03 11:36:25] [INFO] Server: Server started on port 5000
[2024-07-03 11:36:25] [INFO] MongoDB: Connected with MongoDB Database Engine
[2024-07-03 11:36:25] [INFO] Redis: Connected with Redis Database Engine
[2024-07-03 11:36:25] [INFO] Sync: Synced 40 users
[2024-07-03 11:40:45] [INFO] Server: Server started on port 5000
[2024-07-03 11:40:45] [INFO] MongoDB: Connected with MongoDB Database Engine
[2024-07-03 11:40:45] [INFO] Redis: Connected with Redis Database Engine
[2024-07-03 11:40:45] [INFO] Sync: Synced 40 users
[2024-07-03 11:49:34] [INFO] Server: Server started on port 5000
[2024-07-03 11:49:34] [INFO] MongoDB: Connected with MongoDB Database Engine
[2024-07-03 11:49:35] [INFO] Redis: Connected with Redis Database Engine
[2024-07-03 11:49:35] [INFO] Sync: Synced 40 users
[2024-07-03 11:50:01] [INFO] Server: Server started on port 5000
[2024-07-03 11:50:01] [INFO] MongoDB: Connected with MongoDB Database Engine
[2024-07-03 11:50:01] [INFO] Redis: Connected with Redis Database Engine
[2024-07-03 11:50:01] [INFO] Sync: Synced 40 users
[2024-07-03 11:50:46] [INFO] Server: Server started on port 5000
[2024-07-03 11:50:46] [INFO] MongoDB: Connected with MongoDB Database Engine
[2024-07-03 11:50:46] [INFO] Redis: Connected with Redis Database Engine
[2024-07-03 11:50:46] [INFO] Sync: Synced 40 users
[2024-07-03 11:53:42] [INFO] Server: Server started on port 5000
[2024-07-03 11:53:42] [INFO] MongoDB: Connected with MongoDB Database Engine
[2024-07-03 11:53:42] [INFO] Redis: Connected with Redis Database Engine
[2024-07-03 11:53:43] [INFO] Sync: Synced 40 users
[2024-07-03 11:54:04] [INFO] Server: Server started on port 5000
[2024-07-03 11:54:04] [INFO] MongoDB: Connected with MongoDB Database Engine
[2024-07-03 11:54:04] [INFO] Redis: Connected with Redis Database Engine
[2024-07-03 11:54:04] [INFO] Sync: Synced 40 users
[2024-07-03 12:06:09] [INFO] Server: Server started on port 5000
[2024-07-03 12:06:09] [INFO] MongoDB: Connected with MongoDB Database Engine
[2024-07-03 12:06:10] [INFO] Redis: Connected with Redis Database Engine
[2024-07-03 12:06:10] [INFO] Sync: Synced 40 users
[2024-07-03 12:07:30] [INFO] Server: Server started on port 5000
[2024-07-03 12:07:30] [INFO] MongoDB: Connected with MongoDB Database Engine
[2024-07-03 12:07:31] [INFO] Redis: Connected with Redis Database Engine
[2024-07-03 12:07:31] [INFO] Sync: Synced 40 users
[2024-07-03 12:09:31] [INFO] Server: Server started on port 5000
[2024-07-03 12:09:31] [INFO] MongoDB: Connected with MongoDB Database Engine
[2024-07-03 12:09:32] [INFO] Redis: Connected with Redis Database Engine
[2024-07-03 12:09:32] [INFO] Sync: Synced 40 users
[2024-07-03 12:09:55] [INFO] Server: Server started on port 5000
[2024-07-03 12:09:55] [INFO] MongoDB: Connected with MongoDB Database Engine
[2024-07-03 12:09:56] [INFO] Redis: Connected with Redis Database Engine
[2024-07-03 12:09:56] [INFO] Sync: Synced 40 users
[2024-07-03 15:43:04] [INFO] Server: Server started on port 5000
[2024-07-03 15:43:04] [INFO] MongoDB: Connected with MongoDB Database Engine
[2024-07-03 15:43:05] [INFO] Redis: Connected with Redis Database Engine
[2024-07-03 15:43:05] [INFO] Sync: Synced 40 users
[2024-07-03 15:49:10] [INFO] Server: Server started on port 5000
[2024-07-03 15:49:10] [INFO] MongoDB: Connected with MongoDB Database Engine
[2024-07-03 15:49:10] [INFO] Redis: Connected with Redis Database Engine
[2024-07-03 15:49:10] [INFO] Sync: Synced 40 users
[2024-07-03 15:50:26] [INFO] Server: Server started on port 5000
[2024-07-03 15:50:26] [INFO] MongoDB: Connected with MongoDB Database Engine
[2024-07-03 15:50:26] [INFO] Redis: Connected with Redis Database Engine
[2024-07-03 15:50:26] [INFO] Sync: Synced 40 users
[2024-07-03 15:51:29] [INFO] Server: Server started on port 5000
[2024-07-03 15:51:29] [INFO] MongoDB: Connected with MongoDB Database Engine
[2024-07-03 15:51:30] [INFO] Redis: Connected with Redis Database Engine
[2024-07-03 15:51:30] [INFO] Sync: Synced 40 users
[2024-07-03 15:55:07] [INFO] Server: Server started on port 5000
[2024-07-03 15:55:07] [INFO] MongoDB: Connected with MongoDB Database Engine
[2024-07-03 15:55:07] [INFO] Redis: Connected with Redis Database Engine
[2024-07-03 15:55:07] [INFO] Sync: Synced 40 users
[2024-07-03 15:56:28] [INFO] Server: Server started on port 5000
[2024-07-03 15:56:28] [INFO] MongoDB: Connected with MongoDB Database Engine
[2024-07-03 15:56:28] [INFO] Redis: Connected with Redis Database Engine
[2024-07-03 15:56:28] [INFO] Sync: Synced 40 users
[2024-07-03 15:58:59] [INFO] Server: Server started on port 5000
[2024-07-03 15:58:59] [INFO] MongoDB: Connected with MongoDB Database Engine
[2024-07-03 15:59:00] [INFO] Redis: Connected with Redis Database Engine
[2024-07-03 15:59:00] [INFO] Sync: Synced 40 users
[2024-07-03 16:00:19] [INFO] Server: Server started on port 5000
[2024-07-03 16:00:19] [INFO] MongoDB: Connected with MongoDB Database Engine
[2024-07-03 16:00:19] [INFO] Redis: Connected with Redis Database Engine
[2024-07-03 16:00:19] [INFO] Sync: Synced 40 users
[2024-07-03 16:07:23] [INFO] Server: Server started on port 5000
[2024-07-03 16:07:23] [INFO] MongoDB: Connected with MongoDB Database Engine
[2024-07-03 16:07:23] [INFO] Redis: Connected with Redis Database Engine
[2024-07-03 16:07:23] [INFO] Sync: Synced 40 users
[2024-07-03 16:08:14] [INFO] Server: Server started on port 5000
[2024-07-03 16:08:14] [INFO] MongoDB: Connected with MongoDB Database Engine
[2024-07-03 16:08:15] [INFO] Redis: Connected with Redis Database Engine
[2024-07-03 16:08:15] [INFO] Sync: Synced 40 users
[2024-07-03 16:09:10] [INFO] Server: Server started on port 5000
[2024-07-03 16:09:10] [INFO] MongoDB: Connected with MongoDB Database Engine
[2024-07-03 16:09:10] [INFO] Redis: Connected with Redis Database Engine
[2024-07-03 16:09:10] [INFO] Sync: Synced 40 users
[2024-07-03 16:10:49] [INFO] Server: Server started on port 5000
[2024-07-03 16:10:49] [INFO] MongoDB: Connected with MongoDB Database Engine
[2024-07-03 16:10:49] [INFO] Redis: Connected with Redis Database Engine
[2024-07-03 16:10:49] [INFO] Sync: Synced 40 users
[2024-07-03 16:11:52] [INFO] Server: Server started on port 5000
[2024-07-03 16:11:52] [INFO] MongoDB: Connected with MongoDB Database Engine
[2024-07-03 16:11:52] [INFO] Redis: Connected with Redis Database Engine
[2024-07-03 16:11:53] [INFO] Sync: Synced 40 users
[2024-07-03 16:13:12] [INFO] Server: Server started on port 5000
[2024-07-03 16:13:12] [INFO] MongoDB: Connected with MongoDB Database Engine
[2024-07-03 16:13:13] [INFO] Redis: Connected with Redis Database Engine
[2024-07-03 16:13:13] [INFO] Sync: Synced 40 users
[2024-07-03 16:14:50] [INFO] Server: Server started on port 5000
[2024-07-03 16:14:50] [INFO] MongoDB: Connected with MongoDB Database Engine
[2024-07-03 16:14:50] [INFO] Redis: Connected with Redis Database Engine
[2024-07-03 16:14:50] [INFO] Sync: Synced 40 users
[2024-07-03 16:18:38] [INFO] Server: Server started on port 5000
[2024-07-03 16:18:38] [INFO] MongoDB: Connected with MongoDB Database Engine
[2024-07-03 16:18:38] [INFO] Redis: Connected with Redis Database Engine
[2024-07-03 16:18:38] [INFO] Sync: Synced 40 users
[2024-07-03 16:19:09] [INFO] Server: Server started on port 5000
[2024-07-03 16:19:09] [INFO] MongoDB: Connected with MongoDB Database Engine
[2024-07-03 16:19:09] [INFO] Redis: Connected with Redis Database Engine
[2024-07-03 16:19:09] [INFO] Sync: Synced 40 users
[2024-07-03 17:22:44] [INFO] Server: Server started on port 5000
[2024-07-03 17:22:44] [INFO] MongoDB: Connected with MongoDB Database Engine
[2024-07-03 17:22:44] [INFO] Redis: Connected with Redis Database Engine
[2024-07-03 17:22:44] [INFO] Sync: Synced 40 users
[2024-07-03 17:24:19] [INFO] Server: Server started on port 5000
[2024-07-03 17:24:19] [INFO] MongoDB: Connected with MongoDB Database Engine
[2024-07-03 17:24:20] [INFO] Redis: Connected with Redis Database Engine
[2024-07-03 17:24:20] [INFO] Sync: Synced 40 users
[2024-07-04 09:38:37] [INFO] Server: Server started on port 5000
[2024-07-04 09:38:37] [INFO] MongoDB: Connected with MongoDB Database Engine
[2024-07-04 09:38:37] [INFO] Redis: Connected with Redis Database Engine
[2024-07-04 09:38:37] [INFO] Sync: Synced 40 users
[2024-07-04 09:44:25] [INFO] Server: Server started on port 5000
[2024-07-04 09:44:25] [INFO] MongoDB: Connected with MongoDB Database Engine
[2024-07-04 09:44:25] [INFO] Redis: Connected with Redis Database Engine
[2024-07-04 09:44:25] [INFO] Sync: Synced 40 users
[2024-07-04 09:45:30] [INFO] Server: Server started on port 5000
[2024-07-04 09:45:30] [INFO] MongoDB: Connected with MongoDB Database Engine
[2024-07-04 09:45:30] [INFO] Redis: Connected with Redis Database Engine
[2024-07-04 09:45:30] [INFO] Sync: Synced 40 users
[2024-07-04 10:07:37] [INFO] Server: Server started on port 5000
[2024-07-04 10:07:37] [INFO] MongoDB: Connected with MongoDB Database Engine
[2024-07-04 10:07:37] [INFO] Redis: Connected with Redis Database Engine
[2024-07-04 10:07:37] [INFO] Sync: Synced 40 users
[2024-07-04 10:09:37] [INFO] Server: Server started on port 5000
[2024-07-04 10:09:37] [INFO] MongoDB: Connected with MongoDB Database Engine
[2024-07-04 10:09:38] [INFO] Redis: Connected with Redis Database Engine
[2024-07-04 10:09:38] [INFO] Sync: Synced 40 users
[2024-07-04 10:10:37] [INFO] Server: Server started on port 5000
[2024-07-04 10:10:37] [INFO] MongoDB: Connected with MongoDB Database Engine
[2024-07-04 10:10:37] [INFO] Redis: Connected with Redis Database Engine
[2024-07-04 10:10:37] [INFO] Sync: Synced 40 users
[2024-07-04 10:10:55] [INFO] Server: Server started on port 5000
[2024-07-04 10:10:55] [INFO] MongoDB: Connected with MongoDB Database Engine
[2024-07-04 10:10:55] [INFO] Redis: Connected with Redis Database Engine
[2024-07-04 10:10:55] [INFO] Sync: Synced 40 users
[2024-07-04 10:11:28] [INFO] Server: Server started on port 5000
[2024-07-04 10:11:28] [INFO] MongoDB: Connected with MongoDB Database Engine
[2024-07-04 10:11:28] [INFO] Redis: Connected with Redis Database Engine
[2024-07-04 10:11:28] [INFO] Sync: Synced 40 users
[2024-07-04 10:15:40] [INFO] Server: Server started on port 5000
[2024-07-04 10:15:40] [INFO] MongoDB: Connected with MongoDB Database Engine
[2024-07-04 10:15:40] [INFO] Redis: Connected with Redis Database Engine
[2024-07-04 10:15:40] [INFO] Sync: Synced 40 users
[2024-07-04 10:16:38] [INFO] Server: Server started on port 5000
[2024-07-04 10:16:38] [INFO] MongoDB: Connected with MongoDB Database Engine
[2024-07-04 10:16:38] [INFO] Redis: Connected with Redis Database Engine
[2024-07-04 10:16:38] [INFO] Sync: Synced 40 users
[2024-07-04 10:17:34] [INFO] Server: Server started on port 5000
[2024-07-04 10:17:34] [INFO] MongoDB: Connected with MongoDB Database Engine
[2024-07-04 10:17:35] [INFO] Redis: Connected with Redis Database Engine
[2024-07-04 10:17:35] [INFO] Sync: Synced 40 users
[2024-07-04 10:17:38] [ERROR] Status: Error on fetching status dashboard MongoServerError: PlanExecutor error during aggregation :: caused by :: can't $subtract array from array
[2024-07-04 10:17:49] [ERROR] Status: Error on fetching status dashboard MongoServerError: PlanExecutor error during aggregation :: caused by :: can't $subtract array from array
[2024-07-04 10:19:00] [INFO] Server: Server started on port 5000
[2024-07-04 10:19:00] [INFO] MongoDB: Connected with MongoDB Database Engine
[2024-07-04 10:19:01] [INFO] Redis: Connected with Redis Database Engine
[2024-07-04 10:19:01] [INFO] Sync: Synced 40 users
[2024-07-04 10:19:23] [INFO] Server: Server started on port 5000
[2024-07-04 10:19:23] [INFO] MongoDB: Connected with MongoDB Database Engine
[2024-07-04 10:19:23] [INFO] Redis: Connected with Redis Database Engine
[2024-07-04 10:19:23] [INFO] Sync: Synced 40 users
[2024-07-04 10:20:55] [INFO] Server: Server started on port 5000
[2024-07-04 10:20:55] [INFO] MongoDB: Connected with MongoDB Database Engine
[2024-07-04 10:20:55] [INFO] Redis: Connected with Redis Database Engine
[2024-07-04 10:20:55] [INFO] Sync: Synced 40 users
[2024-07-04 10:25:15] [INFO] Server: Server started on port 5000
[2024-07-04 10:25:15] [INFO] MongoDB: Connected with MongoDB Database Engine
[2024-07-04 10:25:15] [INFO] Redis: Connected with Redis Database Engine
[2024-07-04 10:25:15] [INFO] Sync: Synced 40 users
[2024-07-04 10:25:55] [INFO] Server: Server started on port 5000
[2024-07-04 10:25:55] [INFO] MongoDB: Connected with MongoDB Database Engine
[2024-07-04 10:25:55] [INFO] Redis: Connected with Redis Database Engine
[2024-07-04 10:25:55] [INFO] Sync: Synced 40 users
[2024-07-04 10:32:50] [INFO] Server: Server started on port 5000
[2024-07-04 10:32:50] [INFO] MongoDB: Connected with MongoDB Database Engine
[2024-07-04 10:32:50] [INFO] Redis: Connected with Redis Database Engine
[2024-07-04 10:32:50] [INFO] Sync: Synced 40 users
[2024-07-04 10:34:45] [INFO] Server: Server started on port 5000
[2024-07-04 10:34:45] [INFO] MongoDB: Connected with MongoDB Database Engine
[2024-07-04 10:34:45] [INFO] Sync: Synced 40 users
[2024-07-04 10:34:45] [INFO] Redis: Connected with Redis Database Engine
[2024-07-04 21:19:29] [INFO] Server: Server started on port 5000
[2024-07-04 21:19:29] [INFO] MongoDB: Connected with MongoDB Database Engine
[2024-07-04 21:19:29] [INFO] Redis: Connected with Redis Database Engine
[2024-07-04 21:19:29] [INFO] Sync: Synced 40 users
[2024-07-04 22:27:48] [INFO] Server: Server started on port 5000
[2024-07-04 22:27:48] [INFO] MongoDB: Connected with MongoDB Database Engine
[2024-07-04 22:27:49] [INFO] Redis: Connected with Redis Database Engine
[2024-07-04 22:27:49] [INFO] Sync: Synced 40 users
[2024-07-04 22:28:13] [INFO] Server: Server started on port 5000
[2024-07-04 22:28:13] [INFO] MongoDB: Connected with MongoDB Database Engine
[2024-07-04 22:28:13] [INFO] Redis: Connected with Redis Database Engine
[2024-07-04 22:28:13] [INFO] Sync: Synced 40 users
[2024-07-04 22:29:35] [INFO] Server: Server started on port 5000
[2024-07-04 22:29:35] [INFO] MongoDB: Connected with MongoDB Database Engine
[2024-07-04 22:29:35] [INFO] Redis: Connected with Redis Database Engine
[2024-07-04 22:29:35] [INFO] Sync: Synced 40 users
[2024-07-04 22:31:18] [INFO] Server: Server started on port 5000
[2024-07-04 22:31:18] [INFO] MongoDB: Connected with MongoDB Database Engine
[2024-07-04 22:31:19] [INFO] Redis: Connected with Redis Database Engine
[2024-07-04 22:31:19] [INFO] Sync: Synced 40 users
